attacks,muslimtherm,persmuslim,radconcernus,radconcernworld,white,edu,partyid,date,age,christian,CA,muslim,female
0,50,50,35,35,1,3,6,04nov2015,34,0,0,0,1
0,40,80,25,75,0,3,4,04nov2015,19,0,0,0,0
0,80,90,80,90,1,5,1,04nov2015,48,1,0,0,1
0,,76,27,17,1,3,4,04nov2015,21,0,1,0,1
0,60,77,,,,,,04nov2015,,0,1,0,
0,28,86,100,100,1,3,3,04nov2015,47,1,0,0,0
0,28,69,77,83,0,4,4,04nov2015,61,0,0,0,1
0,100,100,100,100,1,5,1,04nov2015,32,1,0,0,0
0,83,88,99,79,1,5,4,04nov2015,37,1,0,0,0
0,14,87,7,80,1,4,3,04nov2015,34,1,0,0,0
0,34,59,27,85,1,5,6,04nov2015,41,0,0,0,0
0,65,66,25,78,1,5,2,04nov2015,22,1,0,0,0
0,27,67,93,89,1,5,2,04nov2015,25,1,0,0,0
0,50,50,70,94,1,5,6,04nov2015,30,1,0,0,0
0,61,91,40,56,1,5,5,04nov2015,24,0,0,0,0
0,85,90,55,95,1,6,6,04nov2015,51,1,0,0,1
0,23,51,55,57,1,5,2,04nov2015,25,1,0,0,1
0,50,50,50,75,1,3,4,04nov2015,21,0,0,0,1
0,51,69,90,64,1,5,3,04nov2015,26,1,1,0,0
0,86,100,100,100,1,3,5,04nov2015,39,0,0,0,0
0,59,96,26,50,0,6,7,04nov2015,27,1,0,0,1
0,54,47,44,68,1,5,3,04nov2015,28,1,0,0,1
0,40,55,10,20,1,5,1,04nov2015,37,1,0,0,0
0,65,80,80,98,1,5,7,04nov2015,41,0,0,0,1
0,65,80,10,60,1,5,5,04nov2015,52,0,0,0,1
0,27,70,93,84,0,5,3,04nov2015,39,1,0,0,0
0,40,80,20,80,1,4,2,04nov2015,28,0,0,0,0
0,100,41,100,100,1,3,7,04nov2015,25,1,0,0,1
0,68,84,100,100,1,5,6,04nov2015,64,1,0,0,0
0,70,39,19,18,0,3,7,04nov2015,27,0,1,0,1
0,50,63,76,67,1,4,5,04nov2015,33,1,0,0,1
0,0,0,100,100,1,4,1,04nov2015,42,1,0,0,0
0,100,100,40,40,1,3,7,04nov2015,32,0,0,0,1
0,5,7,100,84,1,2,2,04nov2015,53,1,0,0,1
0,0,50,35,66,1,3,6,04nov2015,47,0,1,0,0
0,50,100,100,50,1,5,6,04nov2015,57,0,0,0,0
0,95,100,40,60,1,3,4,04nov2015,20,0,0,0,1
0,100,100,25,100,0,3,2,04nov2015,19,0,0,1,0
0,50,50,75,75,1,4,4,04nov2015,39,0,0,0,0
0,69,50,54,54,0,4,6,04nov2015,25,1,1,0,1
0,97,97,68,85,1,2,7,04nov2015,62,1,0,0,1
0,,100,63,17,1,3,1,04nov2015,23,1,0,0,0
0,50,50,50,60,1,2,1,04nov2015,30,0,0,0,0
0,0,5,90,85,1,5,1,04nov2015,43,1,0,0,0
0,52,50,25,74,1,3,1,04nov2015,65,1,0,0,0
0,92,90,100,100,1,4,7,04nov2015,43,1,1,0,1
0,90,90,100,100,1,6,4,04nov2015,61,1,0,0,0
0,50,50,100,100,1,5,4,04nov2015,27,0,0,0,0
0,61,57,66,66,1,6,3,04nov2015,25,1,0,0,1
0,81,88,87,87,0,5,4,04nov2015,,1,0,0,1
0,77,74,100,100,1,4,1,04nov2015,59,1,0,0,1
0,50,50,19,35,0,5,4,04nov2015,26,0,1,0,0
0,50,50,26,22,0,3,4,04nov2015,23,1,0,0,1
0,50,50,57,57,1,3,7,04nov2015,34,0,0,0,1
0,91,100,100,100,1,2,7,04nov2015,61,0,1,0,1
0,69,100,100,100,1,2,6,04nov2015,26,0,0,0,
0,50,50,20,27,1,5,2,04nov2015,37,1,0,0,0
0,0,50,73,99,1,6,2,04nov2015,50,1,0,0,1
0,67,100,80,56,1,5,7,04nov2015,27,0,1,0,1
0,70,88,66,74,1,2,3,04nov2015,55,1,1,0,0
0,50,91,75,76,1,6,7,04nov2015,60,0,0,0,1
0,50,70,100,100,1,5,7,04nov2015,40,0,0,0,1
0,53,51,52,51,1,5,2,04nov2015,43,1,0,0,0
0,31,36,94,96,1,4,3,04nov2015,35,1,0,0,1
0,50,50,44,49,0,3,4,04nov2015,22,0,0,0,0
0,50,49,81,83,1,4,1,04nov2015,59,1,0,0,1
0,11,9,27,14,,3,1,04nov2015,30,1,0,0,0
0,75,51,53,56,0,2,4,04nov2015,24,0,1,0,0
0,50,50,35,35,1,3,6,04nov2015,74,1,0,0,0
0,80,63,58,59,0,2,4,04nov2015,24,0,1,0,0
0,69,51,36,48,0,5,5,04nov2015,31,0,0,0,0
0,100,90,92,100,1,3,7,04nov2015,23,0,0,0,1
0,87,90,68,70,1,6,7,04nov2015,38,0,0,0,0
0,50,50,60,80,0,5,5,04nov2015,27,1,0,0,0
0,75,75,90,90,1,3,7,04nov2015,39,0,0,0,1
0,62,85,55,70,1,5,6,04nov2015,60,0,0,0,0
0,51,50,14,10,0,5,4,04nov2015,33,0,0,0,0
0,80,81,81,63,0,3,4,04nov2015,33,1,0,0,0
0,75,100,60,60,1,5,5,04nov2015,42,0,1,0,0
0,,,90,90,1,4,6,04nov2015,39,1,0,0,1
0,79,84,71,71,1,4,1,04nov2015,30,1,0,0,0
0,82,90,72,76,1,5,1,04nov2015,35,1,0,0,0
0,100,100,26,100,1,5,6,04nov2015,27,0,0,0,1
0,92,88,90,89,1,5,7,04nov2015,43,1,0,0,1
0,85,89,89,81,0,3,4,04nov2015,24,0,0,0,0
0,82,77,68,70,1,6,3,04nov2015,41,1,0,0,1
0,14,19,86,62,1,1,6,04nov2015,64,1,0,0,1
0,41,89,57,86,1,5,5,04nov2015,41,1,0,0,0
0,10,50,10,100,1,5,7,04nov2015,36,0,1,0,0
0,77,87,69,81,1,3,3,04nov2015,43,0,0,0,0
0,50,79,84,83,1,5,6,04nov2015,34,0,1,0,0
0,71,87,87,51,1,5,5,04nov2015,42,0,1,0,0
0,88,82,100,98,1,5,6,04nov2015,50,0,0,0,1
0,61,100,100,100,1,6,5,04nov2015,47,1,0,0,1
0,50,50,55,73,1,6,6,04nov2015,34,0,1,0,1
0,62,70,75,89,1,4,3,04nov2015,23,0,0,0,1
0,,89,0,84,1,2,6,04nov2015,24,0,1,0,1
0,51,95,78,77,1,6,3,04nov2015,73,1,1,0,0
0,,70,34,66,1,3,4,04nov2015,20,0,1,0,1
0,50,50,45,74,1,5,3,04nov2015,50,1,0,0,0
0,69,100,73,68,0,6,5,04nov2015,53,0,1,1,0
0,47,55,54,79,0,3,4,04nov2015,24,0,0,0,1
0,53,61,69,75,1,4,4,05nov2015,46,0,1,0,0
0,20,79,100,100,1,3,4,05nov2015,27,0,0,0,0
0,61,96,50,9,0,3,6,05nov2015,24,0,0,0,1
0,,100,100,100,1,2,7,05nov2015,60,0,0,0,1
0,17,10,72,65,1,6,7,05nov2015,37,0,0,0,1
0,84,95,40,60,1,5,5,05nov2015,39,0,0,0,0
0,21,56,58,76,0,3,7,05nov2015,58,0,0,0,0
0,45,66,15,12,1,4,4,05nov2015,46,0,1,0,0
0,47,43,72,96,1,5,5,05nov2015,25,1,0,0,0
0,56,90,90,99,1,6,7,05nov2015,30,0,0,0,1
0,50,81,60,77,1,5,2,05nov2015,31,1,0,0,1
0,30,50,80,80,1,5,3,05nov2015,42,1,0,0,0
0,50,80,90,100,1,3,2,05nov2015,63,0,0,0,0
0,97,100,50,98,0,2,3,05nov2015,52,0,0,0,1
0,75,66,82,83,1,3,4,05nov2015,35,0,0,0,1
0,20,33,15,33,1,4,4,05nov2015,32,0,0,0,0
0,50,50,50,50,1,4,4,05nov2015,34,1,0,0,1
0,51,50,38,75,1,2,4,05nov2015,26,0,0,0,1
0,60,55,60,58,1,3,4,05nov2015,24,0,0,0,0
0,76,50,60,90,1,6,5,05nov2015,58,0,0,0,0
0,41,72,71,71,1,5,4,05nov2015,26,0,0,0,0
0,100,0,100,100,1,3,3,05nov2015,23,0,0,0,1
0,40,70,100,100,1,5,6,05nov2015,44,0,0,0,1
0,76,76,100,100,1,3,5,05nov2015,49,0,0,0,0
0,100,100,100,75,1,6,7,05nov2015,40,0,0,0,1
0,50,50,81,82,1,4,1,05nov2015,53,1,0,0,1
0,8,50,78,75,1,6,1,05nov2015,38,1,1,0,1
0,70,90,75,90,0,3,3,05nov2015,57,0,1,0,0
0,41,42,66,68,1,4,3,05nov2015,37,1,1,0,1
0,65,82,25,25,1,6,4,05nov2015,43,0,0,0,1
0,50,67,73,84,1,6,6,05nov2015,69,0,1,0,1
0,10,40,76,97,1,4,2,05nov2015,27,0,0,0,1
0,54,72,74,84,1,5,7,05nov2015,52,0,1,0,1
0,70,50,65,87,0,6,5,05nov2015,38,1,0,0,1
0,40,46,85,98,1,5,1,05nov2015,62,1,0,0,0
0,50,95,80,80,1,5,4,05nov2015,55,0,0,0,0
0,100,100,90,50,1,3,7,05nov2015,21,1,0,0,1
0,100,100,15,30,0,5,6,05nov2015,25,0,0,1,1
0,,78,59,77,1,5,5,05nov2015,23,0,0,0,0
0,100,100,70,60,0,5,4,05nov2015,36,0,0,0,0
0,71,95,70,90,1,5,7,05nov2015,35,0,0,0,0
0,,,100,80,1,5,5,05nov2015,30,0,0,0,1
0,100,100,50,,0,3,4,05nov2015,30,0,0,0,1
0,76,72,100,100,0,5,4,05nov2015,21,0,0,0,1
0,83,100,17,64,0,5,4,05nov2015,28,0,1,0,1
0,64,74,28,43,1,5,6,05nov2015,32,0,0,0,0
0,50,50,50,50,1,3,4,05nov2015,33,1,0,0,0
0,38,64,91,96,1,3,1,05nov2015,29,1,0,0,1
0,69,42,69,63,1,5,6,05nov2015,28,1,1,0,0
0,75,69,26,47,1,5,7,05nov2015,24,0,0,0,0
0,95,100,67,50,0,5,4,05nov2015,41,0,0,0,1
0,65,78,59,77,1,5,7,05nov2015,21,0,0,0,1
0,100,100,50,50,1,3,7,05nov2015,24,0,1,0,1
0,40,60,75,95,1,6,7,05nov2015,27,0,1,0,0
0,6,8,32,5,1,4,2,05nov2015,32,1,0,0,1
0,30,50,90,55,1,3,7,05nov2015,31,0,0,0,0
0,41,36,91,90,0,3,6,05nov2015,25,1,1,0,0
0,65,80,90,85,0,5,4,05nov2015,61,0,0,0,0
0,15,50,20,60,1,5,2,05nov2015,24,0,0,0,0
0,50,100,100,100,1,5,5,05nov2015,68,0,0,0,0
0,,100,0,100,1,2,4,05nov2015,28,0,0,0,1
0,65,95,50,55,1,5,7,05nov2015,34,0,1,0,0
0,,100,,90,,5,4,05nov2015,29,0,0,0,1
0,48,48,11,66,1,6,5,05nov2015,62,0,0,0,0
0,90,95,30,85,1,6,1,06nov2015,31,0,0,0,0
0,59,100,0,0,0,3,7,06nov2015,23,0,0,0,1
0,81,84,79,83,0,5,5,06nov2015,26,1,0,0,0
0,70,100,96,96,1,4,4,06nov2015,51,1,0,0,1
0,49,93,94,94,0,5,7,06nov2015,33,1,0,0,1
0,75,95,70,85,1,6,6,06nov2015,29,0,0,0,0
0,35,21,30,82,1,4,3,06nov2015,56,1,0,0,0
0,50,100,60,70,1,5,6,06nov2015,30,0,0,0,1
0,67,73,65,67,0,2,4,06nov2015,42,0,0,0,1
0,10,,90,95,1,5,6,06nov2015,55,1,0,0,1
0,100,50,50,50,1,2,4,06nov2015,21,0,1,0,1
0,62,70,68,76,1,6,7,06nov2015,43,1,0,0,1
0,54,39,30,60,1,6,7,06nov2015,59,0,0,0,1
0,100,89,68,90,1,3,7,06nov2015,24,0,0,0,1
0,9,43,100,100,1,5,6,06nov2015,47,0,0,0,1
0,65,70,23,13,1,5,7,06nov2015,40,0,0,0,1
0,6,10,89,27,1,4,5,06nov2015,58,0,0,0,0
0,48,96,94,98,0,3,7,06nov2015,20,0,0,0,1
0,2,50,0,100,1,3,3,06nov2015,45,1,0,0,1
0,51,74,51,50,1,5,5,06nov2015,43,1,1,0,1
0,26,50,45,69,0,6,3,06nov2015,47,0,1,0,0
0,55,75,63,80,1,6,6,06nov2015,49,1,0,0,1
0,,66,36,99,1,5,6,06nov2015,25,1,0,0,0
0,77,88,10,32,1,6,3,06nov2015,30,0,1,0,0
0,60,81,55,73,1,6,7,06nov2015,47,0,1,0,1
0,87,92,76,82,1,5,2,06nov2015,35,1,0,0,0
0,,,,,,,,06nov2015,,0,1,0,
0,100,100,100,100,0,3,4,06nov2015,48,1,0,0,1
0,64,53,30,74,1,3,3,06nov2015,20,1,0,0,1
0,52,50,9,8,1,4,4,06nov2015,34,0,1,0,0
0,50,50,50,50,1,5,4,06nov2015,28,0,0,0,0
0,78,37,74,88,0,6,7,06nov2015,24,0,0,0,0
0,82,86,70,62,0,3,4,06nov2015,23,0,1,0,0
0,10,60,40,70,1,4,2,06nov2015,32,1,0,0,1
0,100,100,88,98,1,5,7,06nov2015,23,0,1,0,1
0,96,96,80,91,1,5,7,06nov2015,36,0,1,0,0
0,50,91,25,65,1,3,5,06nov2015,22,0,0,0,0
0,100,100,96,76,1,4,7,06nov2015,57,0,1,0,1
0,40,65,100,100,1,3,7,06nov2015,53,0,1,0,1
0,100,90,15,35,1,6,6,06nov2015,52,1,0,0,0
0,0,25,100,100,1,6,5,06nov2015,31,0,0,0,0
0,1,30,100,90,1,5,5,06nov2015,23,0,0,0,1
0,83,96,80,86,1,3,7,06nov2015,33,1,0,0,1
0,93,94,93,99,0,5,4,06nov2015,29,0,0,0,1
0,75,75,30,70,1,3,7,06nov2015,34,0,0,0,1
0,98,94,100,91,0,5,4,06nov2015,28,0,0,0,1
0,4,7,100,100,1,4,5,06nov2015,48,1,0,0,0
0,15,50,80,82,1,2,5,06nov2015,53,0,0,0,0
0,15,50,100,85,1,6,4,08nov2015,32,0,0,0,0
0,72,83,30,76,1,3,3,08nov2015,22,1,0,0,1
0,40,50,80,100,0,6,4,08nov2015,33,0,1,0,0
0,90,100,10,60,1,5,6,08nov2015,26,1,1,0,1
0,78,100,100,100,1,4,3,08nov2015,22,1,1,0,1
0,71,95,86,87,1,6,6,08nov2015,64,0,0,0,1
0,44,32,64,71,1,4,2,08nov2015,36,1,0,0,1
0,90,91,57,65,0,5,7,08nov2015,24,0,1,1,0
0,90,80,100,100,1,3,7,08nov2015,33,0,0,0,0
0,35,50,50,61,1,2,3,08nov2015,35,1,0,0,0
0,100,91,10,76,0,5,5,08nov2015,45,0,1,1,1
0,25,29,100,99,1,3,4,08nov2015,31,0,0,0,1
0,50,50,90,100,1,2,2,08nov2015,60,1,0,0,1
0,50,68,58,55,1,5,6,08nov2015,31,0,0,0,0
0,0,0,86,83,1,4,4,08nov2015,24,0,0,0,1
0,27,36,58,76,1,4,2,08nov2015,34,1,0,0,0
0,78,57,70,78,1,3,6,08nov2015,30,0,1,0,0
0,35,40,70,30,1,5,5,08nov2015,58,1,0,0,0
0,100,100,100,100,1,5,2,08nov2015,37,0,0,0,1
0,50,90,42,63,1,5,4,08nov2015,30,0,1,0,1
0,38,34,30,65,1,3,3,08nov2015,24,0,0,0,0
0,74,84,92,96,1,5,6,08nov2015,30,1,0,0,0
0,39,60,31,55,1,5,6,08nov2015,37,1,0,0,1
0,52,,81,91,1,5,6,08nov2015,37,1,0,0,1
0,100,100,90,100,0,5,7,08nov2015,25,1,0,0,0
0,63,75,80,79,0,3,4,08nov2015,22,1,0,0,1
0,75,90,89,99,1,5,5,08nov2015,55,1,1,0,0
0,16,0,68,87,1,3,3,08nov2015,34,1,0,0,0
0,25,,100,100,1,5,5,08nov2015,26,0,0,0,0
0,50,76,76,88,1,3,6,08nov2015,20,1,0,0,0
0,0,0,100,100,1,4,4,08nov2015,58,1,0,0,1
0,80,100,90,75,1,5,3,08nov2015,27,0,0,0,0
0,,68,58,72,1,6,1,08nov2015,54,1,1,0,1
0,85,90,64,57,1,3,2,08nov2015,26,0,0,0,0
0,29,31,100,100,1,4,4,08nov2015,53,1,0,0,1
0,51,50,51,49,1,5,4,08nov2015,22,1,0,0,0
0,49,78,75,100,1,5,1,08nov2015,39,1,0,0,1
0,33,75,43,42,1,5,2,08nov2015,24,1,0,0,1
0,98,93,94,94,1,3,4,08nov2015,21,0,0,0,1
0,59,50,59,71,1,5,5,08nov2015,28,1,0,0,0
0,28,,94,94,1,5,2,08nov2015,53,1,0,0,1
0,50,50,4,5,0,3,7,08nov2015,21,1,1,0,1
0,90,95,2,1,1,3,7,08nov2015,45,1,0,0,1
0,75,100,32,48,1,5,7,08nov2015,25,0,0,0,1
0,74,80,39,87,1,6,4,08nov2015,24,1,0,0,1
0,54,53,75,79,1,5,4,08nov2015,69,1,0,0,1
0,65,70,,,1,3,4,08nov2015,25,0,1,0,0
0,100,100,21,79,1,5,7,08nov2015,37,0,1,0,1
0,80,100,70,90,0,6,7,08nov2015,57,0,0,0,1
0,50,85,95,80,1,,5,08nov2015,51,0,0,0,1
0,41,59,46,57,1,5,1,08nov2015,40,1,0,0,0
0,,43,60,62,0,5,4,08nov2015,38,1,0,0,0
0,50,50,80,90,1,3,6,08nov2015,60,1,0,0,1
0,,50,56,72,1,5,3,08nov2015,26,1,1,0,1
0,53,78,65,81,1,5,1,08nov2015,36,1,0,0,1
0,50,75,80,85,1,3,6,08nov2015,48,1,0,0,1
0,50,50,80,100,1,5,3,08nov2015,46,1,0,0,0
0,75,94,74,91,1,5,6,08nov2015,50,1,1,0,0
0,50,50,75,85,1,6,7,08nov2015,56,0,0,0,1
0,,50,59,74,1,2,5,08nov2015,36,0,0,0,1
0,75,100,10,75,1,5,5,08nov2015,32,1,0,0,1
0,25,50,60,60,1,4,4,08nov2015,37,0,0,0,1
0,100,100,0,0,1,3,6,08nov2015,57,1,0,0,1
0,100,100,25,75,1,3,4,08nov2015,30,1,0,0,1
0,50,100,50,85,1,6,7,08nov2015,32,0,1,0,1
0,100,100,100,100,1,3,7,08nov2015,45,0,0,0,1
0,75,75,55,80,1,6,4,08nov2015,36,1,1,0,1
0,50,57,75,88,1,6,5,08nov2015,39,0,0,0,0
0,39,57,77,58,1,6,5,08nov2015,49,0,0,0,1
0,50,75,65,96,1,4,5,08nov2015,21,1,0,0,1
0,76,,67,74,0,3,4,08nov2015,25,1,0,0,1
0,100,100,25,,1,5,7,08nov2015,28,0,1,0,1
0,100,100,90,88,0,5,5,08nov2015,28,1,1,0,0
0,2,49,1,0,1,2,1,08nov2015,56,1,0,0,0
0,81,81,67,74,0,5,5,08nov2015,41,0,1,0,1
0,25,,90,90,1,5,1,08nov2015,56,1,0,0,1
0,63,50,85,86,1,1,6,08nov2015,35,0,0,0,1
0,100,100,100,100,0,5,4,08nov2015,32,0,0,0,0
0,45,55,85,100,1,3,3,08nov2015,28,1,0,0,1
0,55,50,70,75,1,5,4,08nov2015,37,0,0,0,0
0,82,99,3,80,1,3,5,08nov2015,30,0,0,0,1
0,90,88,91,93,1,5,2,08nov2015,23,1,1,0,1
0,100,100,80,90,0,3,6,08nov2015,36,1,1,0,1
0,65,,57,54,0,3,4,08nov2015,23,0,0,0,0
0,65,65,55,55,1,4,7,08nov2015,63,0,0,0,1
0,74,85,6,58,1,5,7,08nov2015,25,0,1,0,1
0,50,60,75,40,1,5,7,08nov2015,25,0,1,0,0
0,49,56,87,87,1,5,2,08nov2015,35,1,0,0,1
0,30,60,60,70,1,4,2,08nov2015,32,1,0,0,1
0,70,74,78,62,0,3,6,08nov2015,20,1,0,0,1
0,85,93,60,80,1,6,5,08nov2015,28,1,0,0,0
0,65,65,73,89,1,5,6,08nov2015,30,0,0,0,0
0,90,83,35,64,0,3,5,08nov2015,33,0,0,0,1
0,40,70,56,97,0,3,6,08nov2015,30,1,0,0,0
0,75,70,50,70,0,5,5,08nov2015,27,1,0,0,0
0,73,59,95,97,1,5,1,08nov2015,49,1,0,0,1
0,40,40,90,95,1,3,6,08nov2015,47,0,1,0,1
0,74,83,97,80,1,6,7,08nov2015,27,1,0,0,1
0,38,50,66,55,1,5,4,08nov2015,23,0,0,0,0
0,75,100,25,25,1,5,7,08nov2015,27,0,1,0,0
0,50,100,76,84,1,5,4,08nov2015,32,0,0,0,1
0,,40,85,100,1,6,7,09nov2015,69,0,1,0,1
0,84,94,18,34,1,6,6,09nov2015,45,0,1,0,0
0,9,1,100,100,1,5,6,09nov2015,32,0,1,0,0
0,53,59,56,59,1,4,5,09nov2015,23,1,0,0,0
0,95,100,100,100,1,3,5,09nov2015,31,1,0,0,1
0,100,100,0,20,0,3,5,09nov2015,26,0,0,0,0
0,,,,,,,,09nov2015,,0,1,0,
0,,,,,,,,09nov2015,,0,1,0,
0,42,72,93,93,1,5,3,09nov2015,38,0,0,0,0
0,36,48,22,67,0,5,4,09nov2015,25,0,0,0,1
0,86,95,86,88,1,2,3,09nov2015,27,0,0,0,1
0,75,80,100,100,1,4,5,09nov2015,65,1,0,0,1
0,38,38,37,33,1,5,5,09nov2015,33,0,0,0,0
0,100,55,0,5,1,4,6,09nov2015,31,0,0,0,1
0,50,40,80,80,1,2,6,09nov2015,42,0,0,0,0
0,50,71,,,,,,09nov2015,,0,1,0,
0,50,75,70,50,0,5,5,09nov2015,46,0,0,0,0
0,20,40,77,77,1,6,4,09nov2015,32,0,0,0,0
0,45,58,65,76,1,5,2,09nov2015,42,1,0,0,1
0,50,78,50,75,1,3,5,09nov2015,26,0,0,0,1
0,39,50,18,43,1,5,2,09nov2015,27,0,0,0,0
0,,,,,,,,09nov2015,,0,1,0,
0,40,50,80,90,1,4,4,09nov2015,55,1,0,0,1
0,50,50,60,80,1,3,7,09nov2015,45,0,0,0,1
0,50,70,100,80,1,6,5,09nov2015,28,0,0,0,1
0,95,77,30,39,0,3,6,09nov2015,30,0,0,1,1
0,62,55,67,62,1,5,5,09nov2015,34,1,1,0,0
0,50,75,60,80,1,5,7,09nov2015,56,0,0,0,1
0,15,50,71,65,1,5,2,09nov2015,32,0,0,0,1
0,0,0,100,50,1,4,4,09nov2015,39,1,1,0,1
0,50,70,99,92,1,2,5,09nov2015,38,0,0,0,1
0,37,33,66,81,1,2,2,09nov2015,19,0,0,0,1
0,0,0,100,100,1,6,3,09nov2015,44,0,0,0,0
0,60,60,42,33,0,4,6,09nov2015,28,0,0,0,1
0,60,70,90,95,1,3,2,09nov2015,30,1,0,0,0
0,40,50,50,60,1,3,4,09nov2015,56,1,0,0,1
0,84,54,44,75,0,3,6,09nov2015,31,0,0,0,1
0,100,100,0,0,1,5,4,09nov2015,25,0,0,1,1
0,62,78,70,88,0,6,4,09nov2015,34,0,0,0,0
0,70,50,10,60,1,4,5,09nov2015,50,0,0,0,1
0,17,,89,90,1,3,2,09nov2015,33,1,0,0,0
0,85,90,5,20,1,5,3,09nov2015,50,0,0,0,0
0,50,50,75,77,1,2,6,09nov2015,25,1,0,0,1
0,100,100,62,89,0,6,5,09nov2015,33,0,1,1,1
0,0,75,100,100,1,2,1,09nov2015,43,1,0,0,0
0,40,54,67,79,1,5,5,09nov2015,22,1,0,0,0
0,100,100,91,100,1,2,7,09nov2015,64,0,0,0,0
0,80,79,90,87,1,5,7,09nov2015,38,0,0,0,1
0,50,61,17,23,1,5,7,09nov2015,34,0,0,0,0
0,48,50,90,100,1,3,4,09nov2015,46,1,1,0,1
0,67,93,90,90,1,2,4,09nov2015,40,0,0,0,1
0,80,85,40,65,1,5,5,09nov2015,31,0,0,0,0
0,81,62,86,84,0,3,1,09nov2015,36,1,0,0,1
0,48,33,23,53,1,4,4,09nov2015,34,1,0,0,1
0,76,70,28,67,1,4,5,09nov2015,26,1,0,0,0
0,50,61,64,65,1,5,2,09nov2015,60,1,1,0,0
0,50,51,34,37,1,4,2,09nov2015,30,1,0,0,1
0,,,100,100,1,2,4,09nov2015,45,0,0,0,1
0,34,55,74,74,1,5,3,09nov2015,35,0,0,0,0
0,50,87,93,92,1,5,7,09nov2015,39,0,0,0,0
0,61,63,70,70,0,3,1,09nov2015,27,1,0,0,1
0,62,41,60,84,1,5,7,09nov2015,35,0,0,0,0
0,8,12,95,94,1,5,2,09nov2015,38,1,0,0,0
0,85,80,30,30,0,6,7,09nov2015,33,1,0,0,0
0,64,54,100,100,1,2,4,09nov2015,37,1,0,0,1
0,65,85,35,45,1,4,3,09nov2015,33,0,0,0,0
0,50,70,50,,0,6,5,09nov2015,61,0,0,0,1
0,53,36,26,59,1,3,2,09nov2015,24,1,1,0,1
0,40,50,80,90,1,4,3,09nov2015,56,1,0,0,1
0,75,80,95,80,1,3,4,09nov2015,35,0,0,0,1
0,50,100,24,0,1,2,5,09nov2015,50,0,0,0,0
0,30,71,80,100,1,5,2,09nov2015,24,1,0,0,0
0,100,50,1,49,1,2,5,09nov2015,51,0,0,0,1
0,5,26,66,74,1,5,1,09nov2015,27,1,0,0,0
0,32,50,61,79,1,2,4,09nov2015,29,0,0,0,1
0,50,68,19,44,1,5,7,09nov2015,31,0,0,0,0
0,80,95,75,85,0,5,7,09nov2015,33,0,1,0,1
0,27,77,11,6,1,2,5,09nov2015,35,0,0,0,0
0,55,76,90,91,1,5,4,09nov2015,36,0,0,0,1
0,100,100,25,25,0,3,5,09nov2015,25,0,0,0,0
0,85,79,83,79,0,4,4,09nov2015,22,1,0,0,0
0,88,93,92,96,1,3,5,09nov2015,26,0,0,0,1
0,46,62,74,78,1,3,1,09nov2015,59,1,0,0,0
0,50,50,12,26,1,3,4,09nov2015,27,0,1,0,0
0,44,33,14,24,0,5,4,09nov2015,23,0,0,0,0
0,50,50,85,95,1,5,6,09nov2015,27,0,0,0,0
0,,,40,60,1,5,3,09nov2015,25,1,0,0,0
0,33,57,,,,,,09nov2015,,0,1,0,
0,8,19,100,94,0,3,5,09nov2015,26,0,0,0,0
0,51,94,100,100,1,5,4,09nov2015,25,0,0,0,1
0,60,86,32,65,1,5,6,09nov2015,28,0,1,0,1
0,31,76,85,88,1,3,5,09nov2015,43,1,1,0,1
0,100,100,60,75,1,2,6,09nov2015,34,0,0,0,0
0,18,40,87,100,1,5,5,09nov2015,23,0,0,0,0
0,63,77,91,92,0,3,4,09nov2015,27,0,0,0,0
0,73,60,25,40,1,5,5,09nov2015,24,0,0,0,1
0,50,61,100,90,1,5,7,09nov2015,29,0,0,0,0
0,80,95,10,26,1,2,3,09nov2015,38,1,0,0,0
0,50,50,100,50,0,3,6,09nov2015,49,1,0,0,1
0,48,42,32,30,0,5,6,09nov2015,34,0,0,0,1
0,78,94,3,38,1,6,5,09nov2015,33,1,0,0,1
0,66,66,64,79,1,3,5,09nov2015,29,0,0,0,0
0,70,50,4,12,1,5,5,09nov2015,34,0,0,0,0
0,100,96,9,56,1,3,3,09nov2015,22,1,0,0,0
0,50,87,50,50,1,2,2,09nov2015,34,1,0,0,1
0,84,94,70,42,1,3,5,09nov2015,30,0,1,0,0
0,83,90,100,90,1,5,5,09nov2015,38,0,0,0,0
0,50,50,64,71,1,5,6,09nov2015,27,0,0,0,1
0,95,100,57,57,1,5,6,09nov2015,29,0,0,0,1
0,98,100,70,70,0,4,6,09nov2015,31,1,0,0,0
0,66,81,64,91,1,5,5,09nov2015,22,0,0,0,0
0,81,98,66,92,1,5,7,09nov2015,36,1,0,0,1
0,31,73,16,16,1,3,5,09nov2015,20,0,0,0,1
0,90,100,60,15,1,5,6,09nov2015,23,0,0,0,1
0,50,100,98,50,1,3,5,09nov2015,31,0,0,0,0
0,50,43,96,96,1,3,5,09nov2015,46,0,0,0,0
0,40,62,65,65,1,6,4,09nov2015,36,0,0,0,0
0,28,64,27,30,1,3,2,09nov2015,36,1,0,0,1
0,43,44,81,63,1,5,2,09nov2015,33,1,0,0,0
0,40,60,60,70,1,5,6,09nov2015,27,0,0,0,0
0,50,76,49,69,0,5,7,09nov2015,25,1,0,0,1
0,50,50,29,50,1,2,4,09nov2015,24,1,0,0,1
0,91,90,69,88,0,5,6,09nov2015,33,0,0,0,1
0,100,100,0,0,1,3,5,09nov2015,25,0,0,0,1
0,50,95,50,60,1,5,4,09nov2015,33,1,0,0,0
0,50,89,20,30,1,2,5,09nov2015,31,0,0,0,0
0,77,91,51,50,1,4,7,09nov2015,39,0,1,0,1
0,80,50,90,100,0,3,6,09nov2015,23,0,1,0,0
0,50,50,60,65,0,2,5,09nov2015,38,1,1,0,0
0,35,50,25,60,1,5,7,09nov2015,34,0,0,0,0
0,71,74,80,68,0,3,6,09nov2015,20,0,1,0,1
0,80,95,60,85,1,5,7,09nov2015,27,0,0,0,1
0,25,43,79,90,1,3,1,09nov2015,47,1,0,0,1
0,58,63,18,89,1,5,3,09nov2015,26,0,0,0,0
0,85,,50,75,1,5,5,09nov2015,27,0,0,0,0
0,76,76,98,99,0,3,4,09nov2015,28,1,1,0,0
0,75,75,100,100,1,3,4,09nov2015,55,1,1,0,1
0,71,72,96,95,0,3,6,09nov2015,25,1,1,0,0
0,50,100,100,100,1,2,4,09nov2015,26,0,0,0,1
0,75,90,55,65,1,2,5,09nov2015,21,0,0,0,0
0,72,96,57,80,1,6,7,09nov2015,25,0,0,0,1
0,94,95,66,19,1,3,6,09nov2015,20,0,0,0,0
0,,98,94,94,1,6,7,09nov2015,32,0,0,0,1
0,0,0,0,0,1,3,1,09nov2015,22,0,0,0,0
0,9,14,18,17,1,4,4,09nov2015,33,0,0,0,0
0,50,76,46,78,1,6,7,09nov2015,62,1,0,0,1
0,30,30,50,50,1,2,2,09nov2015,53,1,0,0,1
0,85,67,77,90,1,3,4,09nov2015,23,0,0,0,1
0,76,51,89,78,0,6,7,09nov2015,36,1,0,0,0
0,29,65,97,89,1,5,4,09nov2015,22,0,1,0,0
0,50,75,25,75,1,5,6,09nov2015,38,1,0,0,0
0,50,90,100,100,1,5,4,09nov2015,42,0,0,0,0
0,15,30,20,35,1,6,5,09nov2015,42,0,0,0,0
0,45,72,53,89,1,6,2,09nov2015,50,1,0,0,1
0,75,100,99,100,1,6,6,09nov2015,59,0,0,0,1
0,65,64,75,79,0,5,7,09nov2015,47,1,0,0,1
0,50,50,67,74,1,5,4,09nov2015,57,1,0,0,1
0,18,11,80,60,0,5,1,09nov2015,30,1,0,0,1
0,80,85,80,95,1,5,6,09nov2015,32,1,0,0,0
0,80,90,20,20,1,4,4,09nov2015,35,0,0,0,0
0,50,85,59,65,1,2,5,09nov2015,38,0,0,0,0
0,39,,63,66,1,5,4,09nov2015,30,0,1,0,0
0,63,84,65,56,1,5,5,09nov2015,28,1,0,0,1
0,45,62,89,100,1,4,6,09nov2015,30,0,0,0,0
0,52,70,93,70,1,5,4,09nov2015,24,1,0,0,1
0,,,81,81,1,3,5,09nov2015,70,0,1,0,0
0,60,70,70,75,1,6,6,09nov2015,30,0,0,0,0
0,86,92,100,100,1,6,7,09nov2015,56,0,0,0,1
0,,90,100,100,0,6,6,09nov2015,34,1,0,0,0
0,73,74,91,92,1,5,7,09nov2015,30,0,1,0,1
0,99,99,63,63,1,5,7,09nov2015,37,0,0,0,1
0,74,50,51,50,0,6,4,09nov2015,48,0,0,0,1
0,70,60,70,75,1,5,6,09nov2015,44,0,0,0,1
0,50,50,10,50,1,6,7,09nov2015,42,1,0,0,1
0,85,93,26,15,0,3,5,09nov2015,36,1,1,0,0
0,48,71,90,84,1,1,6,09nov2015,19,0,0,0,0
0,74,100,89,84,1,3,4,09nov2015,22,0,0,0,0
0,78,91,85,74,0,5,5,09nov2015,26,0,0,0,1
0,1,10,99,90,1,5,1,09nov2015,50,0,0,0,0
0,69,76,100,100,1,2,4,09nov2015,31,1,1,0,1
0,36,68,62,60,1,3,6,09nov2015,24,1,0,0,0
0,,70,41,62,1,3,2,09nov2015,20,1,0,0,0
0,81,88,55,69,1,5,7,09nov2015,26,0,0,0,1
0,68,91,58,73,0,5,5,09nov2015,25,0,1,0,1
0,62,100,57,100,1,5,3,09nov2015,29,0,0,0,1
0,50,75,51,84,1,4,4,09nov2015,27,1,0,0,1
0,84,87,13,22,0,3,5,09nov2015,19,0,0,0,0
0,68,58,67,67,1,5,5,09nov2015,29,0,0,0,1
0,81,90,10,10,0,3,4,09nov2015,37,1,0,0,0
0,97,96,16,23,1,6,3,09nov2015,59,1,0,0,0
0,83,83,64,39,1,5,6,09nov2015,29,1,0,0,1
0,51,50,100,100,0,3,5,09nov2015,27,0,0,0,1
0,70,50,3,40,1,3,7,09nov2015,28,0,0,0,0
0,95,94,67,83,1,6,5,09nov2015,51,1,0,0,1
0,50,50,37,39,1,6,6,09nov2015,25,1,0,0,1
0,,,5,4,1,5,4,09nov2015,29,0,0,0,1
0,55,35,65,65,1,3,5,09nov2015,21,0,0,0,0
0,100,90,100,100,0,5,5,09nov2015,47,0,0,0,0
0,50,95,100,100,1,5,6,09nov2015,26,0,1,0,1
0,50,65,42,25,1,3,2,09nov2015,49,0,0,0,1
0,50,50,51,69,1,5,7,09nov2015,36,0,0,0,1
0,76,79,0,77,1,3,3,09nov2015,27,0,1,0,0
0,30,50,85,90,1,5,2,09nov2015,24,1,0,0,0
0,93,84,100,71,1,5,7,09nov2015,27,0,0,0,0
0,,90,80,95,1,5,5,09nov2015,39,1,0,0,1
0,15,46,96,88,1,3,4,09nov2015,42,0,0,0,0
0,65,90,80,90,1,5,5,09nov2015,29,0,0,0,1
0,70,32,67,70,1,5,4,09nov2015,55,1,0,0,0
0,75,50,0,75,1,3,6,09nov2015,29,0,0,0,0
0,75,90,30,40,1,2,5,09nov2015,29,0,0,0,0
0,50,100,100,100,1,2,2,09nov2015,40,1,0,0,1
0,86,94,85,78,0,3,6,09nov2015,20,0,1,0,0
0,90,100,100,100,1,5,4,09nov2015,28,0,0,0,0
0,81,79,84,95,1,6,2,09nov2015,28,1,0,0,0
0,49,49,67,17,1,4,5,09nov2015,32,1,0,0,0
0,61,50,88,96,1,5,6,09nov2015,24,0,0,0,0
0,39,67,11,13,1,4,6,09nov2015,21,0,0,0,0
0,50,88,93,100,1,3,7,09nov2015,26,0,0,0,1
0,88,95,70,94,1,5,7,09nov2015,59,1,0,0,1
0,76,77,82,97,1,4,3,09nov2015,31,1,0,0,1
0,60,60,40,55,1,2,4,09nov2015,25,0,0,0,0
0,61,91,97,100,1,5,2,09nov2015,52,1,1,0,0
0,19,50,18,78,1,4,1,09nov2015,47,1,0,0,1
0,38,55,68,72,1,5,2,09nov2015,33,1,0,0,1
0,100,100,50,61,1,5,6,09nov2015,26,1,0,0,1
0,50,50,53,68,1,5,4,09nov2015,27,1,0,0,1
0,50,65,40,20,1,6,2,09nov2015,45,0,1,0,1
0,50,100,31,40,1,6,4,09nov2015,28,0,0,0,0
0,,50,100,100,1,4,1,09nov2015,20,1,0,0,1
0,40,50,97,98,1,6,7,09nov2015,48,1,1,0,1
0,1,30,75,60,1,5,4,09nov2015,34,0,0,0,0
0,87,100,75,85,1,3,4,09nov2015,47,0,0,0,0
0,99,99,100,100,0,5,4,09nov2015,47,0,1,0,1
0,69,100,16,32,1,5,6,09nov2015,27,0,0,0,1
0,90,100,25,25,1,3,7,09nov2015,21,1,0,0,1
0,60,95,83,95,0,5,7,09nov2015,35,0,1,0,0
0,2,99,100,100,0,2,5,09nov2015,19,0,0,1,1
0,50,50,85,85,1,3,7,09nov2015,19,0,0,0,0
0,57,71,88,81,1,5,7,09nov2015,24,1,0,0,0
0,60,75,100,65,1,5,5,09nov2015,43,0,0,0,0
0,80,82,60,77,1,5,7,09nov2015,56,0,1,0,1
0,,64,95,80,1,2,5,09nov2015,43,0,0,0,0
0,31,17,69,92,0,5,4,09nov2015,25,0,1,0,0
0,48,42,34,80,1,3,5,09nov2015,27,0,0,0,0
0,100,100,75,75,1,3,4,09nov2015,35,0,1,0,1
0,50,100,0,60,0,3,4,09nov2015,22,0,1,0,0
0,44,54,55,58,1,3,4,09nov2015,26,0,0,0,1
0,14,22,64,76,1,3,4,09nov2015,36,1,0,0,1
0,57,62,35,45,,4,7,09nov2015,32,0,0,0,0
0,50,50,50,50,1,4,5,09nov2015,30,0,0,0,1
0,50,75,30,75,0,3,4,09nov2015,34,1,0,0,0
0,,35,75,80,1,5,5,09nov2015,24,0,1,0,0
0,0,75,63,100,1,3,4,09nov2015,19,0,1,0,0
0,51,63,50,61,1,3,7,09nov2015,34,0,0,0,0
0,90,90,100,100,1,4,4,09nov2015,39,0,1,0,0
0,0,50,100,100,1,5,1,09nov2015,34,1,0,0,1
0,50,92,90,100,1,5,7,09nov2015,28,0,0,0,0
0,60,75,20,75,0,4,5,09nov2015,31,0,1,0,0
0,90,76,53,66,0,3,6,09nov2015,26,1,0,0,0
0,25,40,100,100,1,3,5,09nov2015,60,0,0,0,1
0,100,,0,0,1,5,4,09nov2015,30,0,0,0,1
0,100,100,80,85,0,5,5,09nov2015,21,0,1,0,0
0,37,49,97,98,1,3,2,09nov2015,59,1,0,0,1
0,70,75,49,50,1,6,7,09nov2015,32,1,0,0,1
0,77,85,40,75,0,3,5,09nov2015,20,0,0,0,0
0,50,70,74,100,1,5,4,09nov2015,52,1,0,0,1
0,45,50,40,60,1,3,4,09nov2015,29,1,0,0,0
0,100,100,75,90,1,5,7,09nov2015,46,1,0,0,1
0,50,91,80,80,1,5,6,09nov2015,26,1,0,0,1
0,38,45,41,40,0,5,6,09nov2015,24,0,1,0,0
0,90,100,100,66,1,3,4,09nov2015,32,0,0,0,0
0,6,14,72,43,1,4,5,09nov2015,40,0,0,0,0
0,67,72,87,80,1,5,7,09nov2015,45,0,0,0,1
0,67,82,89,96,1,5,2,09nov2015,34,1,0,0,1
0,80,80,80,88,1,5,5,09nov2015,63,1,0,0,0
0,50,84,69,70,1,5,3,09nov2015,29,0,0,0,0
0,85,50,50,50,1,5,4,09nov2015,48,0,0,0,1
0,40,90,94,87,1,5,5,09nov2015,54,0,1,0,0
0,40,50,55,45,1,4,6,09nov2015,44,1,0,0,1
0,22,50,30,35,0,3,3,09nov2015,36,1,1,0,0
0,80,100,70,80,1,5,7,09nov2015,26,0,0,0,0
0,34,18,71,35,0,5,7,09nov2015,22,0,0,0,1
0,35,55,60,71,1,5,6,09nov2015,22,0,0,0,0
0,30,40,13,24,1,6,4,09nov2015,24,1,0,0,0
0,87,100,100,100,1,6,5,09nov2015,32,1,0,0,1
0,70,70,70,90,1,2,6,09nov2015,30,1,0,0,0
0,69,79,31,44,1,5,5,09nov2015,29,0,1,0,0
0,30,50,95,100,1,4,7,09nov2015,42,1,0,0,0
0,99,100,77,68,1,3,5,09nov2015,32,0,0,0,0
0,75,72,19,79,1,2,4,09nov2015,24,0,0,0,0
0,58,64,56,55,1,6,5,09nov2015,34,0,0,0,1
0,,66,89,100,1,5,5,09nov2015,25,0,0,0,0
0,50,51,67,72,0,6,6,09nov2015,27,0,0,0,0
0,50,85,100,100,1,6,6,09nov2015,43,0,1,0,1
0,82,92,38,78,0,3,6,09nov2015,33,1,0,0,1
0,80,90,100,100,1,6,2,09nov2015,50,1,0,0,0
0,51,50,71,96,1,3,7,09nov2015,37,0,0,0,1
0,44,84,16,86,1,3,7,09nov2015,23,0,0,0,1
0,100,100,0,0,1,6,4,09nov2015,24,1,0,0,0
0,0,50,75,100,1,3,4,09nov2015,38,1,0,0,1
0,90,100,100,100,1,3,4,09nov2015,27,0,0,0,1
0,50,,65,45,1,2,4,09nov2015,41,0,0,0,1
0,49,81,39,59,1,6,6,09nov2015,45,0,0,0,0
0,64,80,68,65,1,6,7,09nov2015,42,1,0,0,0
0,68,43,66,54,1,4,3,09nov2015,28,0,0,0,0
0,50,60,89,76,1,6,7,09nov2015,57,1,1,0,1
0,85,91,90,100,1,3,5,09nov2015,26,0,0,0,1
0,65,70,50,70,1,2,4,09nov2015,24,0,0,0,0
0,80,70,100,100,1,5,7,09nov2015,25,0,0,0,1
0,75,75,85,80,1,3,7,09nov2015,29,0,0,0,1
0,20,50,60,70,1,4,7,09nov2015,26,0,0,0,1
0,70,75,60,80,1,3,6,09nov2015,18,0,0,0,0
0,95,95,70,80,1,3,3,09nov2015,36,1,1,0,1
0,45,50,100,100,1,2,3,09nov2015,53,1,0,0,1
0,79,66,34,41,1,5,5,09nov2015,35,0,0,0,0
0,13,17,85,84,1,6,2,09nov2015,25,1,0,0,1
0,,,100,100,1,4,7,09nov2015,31,1,0,0,0
0,15,40,95,100,1,3,3,09nov2015,32,0,0,0,0
0,38,75,0,90,0,2,2,09nov2015,19,1,1,0,0
0,30,30,80,80,1,3,2,09nov2015,20,0,0,0,0
0,35,62,73,100,1,5,6,09nov2015,31,0,0,0,0
0,14,75,100,100,1,6,6,09nov2015,51,1,0,0,1
0,15,70,95,95,1,5,2,09nov2015,32,1,0,0,0
0,,90,55,53,1,3,7,09nov2015,38,0,1,0,0
0,71,62,38,72,1,3,7,09nov2015,31,0,0,0,0
0,40,60,54,56,1,6,7,09nov2015,42,1,0,0,1
0,50,100,100,100,0,3,6,09nov2015,27,0,0,0,0
0,75,75,100,100,1,5,7,09nov2015,64,0,0,0,1
0,76,,54,59,1,4,4,09nov2015,34,0,0,0,0
0,18,34,69,76,0,6,2,09nov2015,47,1,0,0,0
0,59,75,17,50,0,5,5,09nov2015,26,1,0,0,0
0,50,67,90,90,1,5,6,09nov2015,33,0,0,0,0
0,50,75,30,80,1,5,6,09nov2015,40,0,0,0,0
0,71,73,73,81,1,5,4,09nov2015,25,0,1,0,1
0,,81,88,89,1,6,1,09nov2015,36,1,0,0,1
0,50,50,50,50,1,5,2,09nov2015,26,1,0,0,1
0,22,74,87,87,1,6,1,09nov2015,29,1,0,0,0
0,50,50,50,70,1,3,1,09nov2015,21,1,0,0,1
0,100,100,49,90,1,3,1,09nov2015,56,1,0,0,1
0,50,50,23,23,1,5,7,09nov2015,26,0,0,0,1
0,20,35,75,85,1,4,2,09nov2015,29,1,1,0,0
0,83,99,18,10,1,5,7,09nov2015,24,0,0,0,1
0,90,99,57,61,1,4,6,09nov2015,25,0,1,0,1
0,63,97,74,68,1,6,7,09nov2015,32,0,0,0,1
0,50,50,8,0,1,2,4,09nov2015,34,0,0,0,1
0,,75,85,85,1,2,4,09nov2015,30,1,0,0,0
0,33,70,65,77,1,5,3,09nov2015,27,1,0,0,0
0,75,95,70,80,1,5,5,09nov2015,52,0,1,0,1
0,70,50,44,41,1,5,7,09nov2015,22,0,1,0,1
0,,,57,80,1,3,3,09nov2015,39,1,0,0,1
0,63,72,74,83,1,3,7,09nov2015,19,1,0,0,1
0,72,92,63,80,1,5,7,09nov2015,34,1,0,0,1
0,67,63,32,46,0,5,6,09nov2015,36,0,0,0,0
0,92,91,72,73,1,5,4,09nov2015,32,1,0,0,0
0,85,95,80,95,1,3,7,09nov2015,21,0,0,0,1
0,76,70,65,85,0,5,3,09nov2015,32,1,0,0,0
0,80,70,26,66,1,5,3,09nov2015,33,0,0,0,0
0,,69,85,85,1,4,5,09nov2015,37,0,0,0,0
0,100,100,100,96,0,4,6,09nov2015,63,0,0,0,1
0,75,100,18,73,0,5,3,09nov2015,37,0,0,0,1
0,21,,65,70,0,5,4,09nov2015,29,0,1,0,0
0,70,82,75,75,0,3,4,09nov2015,21,1,1,0,1
0,89,100,82,83,1,5,5,09nov2015,31,1,0,0,1
0,14,24,91,83,1,2,4,09nov2015,40,0,0,0,1
0,50,76,90,87,1,6,6,09nov2015,28,0,0,0,0
0,66,72,77,89,1,5,4,09nov2015,30,1,0,0,0
0,50,65,8,68,1,5,4,09nov2015,31,0,0,0,1
0,79,82,66,91,1,5,7,09nov2015,50,1,0,0,0
0,68,80,61,86,1,6,7,09nov2015,28,1,0,0,0
0,40,45,60,74,1,6,4,09nov2015,27,1,0,0,0
0,33,64,55,70,1,5,1,09nov2015,35,1,0,0,0
0,85,100,90,90,0,3,4,09nov2015,27,1,1,0,0
0,73,65,30,46,1,2,3,09nov2015,20,1,0,0,1
0,71,77,100,100,1,4,4,09nov2015,21,1,0,0,1
0,50,100,50,100,1,5,3,09nov2015,39,1,0,0,0
0,33,17,100,100,1,4,2,09nov2015,53,1,0,0,1
0,23,24,100,100,1,5,7,09nov2015,38,0,0,0,1
0,50,97,17,75,1,6,5,09nov2015,32,0,1,0,0
0,50,50,65,75,1,6,1,09nov2015,27,1,0,0,1
0,76,100,60,65,1,6,7,09nov2015,29,0,0,0,1
0,50,80,80,50,1,6,4,09nov2015,29,0,0,0,1
0,,,56,60,0,4,5,09nov2015,24,1,0,0,1
0,88,98,92,100,1,3,4,09nov2015,62,1,0,0,1
0,70,,65,85,1,3,2,09nov2015,23,1,0,0,1
0,100,86,59,75,1,5,5,09nov2015,28,0,1,0,0
0,45,31,32,33,1,3,1,09nov2015,23,1,0,0,0
0,35,75,72,90,1,5,4,09nov2015,27,1,1,0,0
0,,40,70,85,1,3,5,09nov2015,27,0,1,0,0
0,100,87,58,58,0,3,6,09nov2015,19,0,0,0,0
0,86,94,61,89,1,5,6,09nov2015,22,0,0,0,1
0,78,60,87,78,0,6,7,09nov2015,48,0,0,0,1
0,69,95,16,73,1,3,4,09nov2015,31,0,1,0,0
0,100,100,85,85,0,5,7,09nov2015,25,0,0,1,0
0,44,47,90,95,1,4,3,09nov2015,35,0,0,0,1
0,59,64,79,84,1,3,3,09nov2015,19,1,0,0,1
0,10,0,100,100,1,5,7,09nov2015,41,0,0,0,0
0,50,80,70,85,1,5,6,09nov2015,27,0,0,0,1
0,100,71,,82,1,4,5,09nov2015,22,0,0,0,1
0,50,75,90,100,0,4,5,09nov2015,35,0,1,0,0
0,50,75,75,90,1,5,5,09nov2015,58,1,1,0,1
0,22,64,75,83,0,5,5,09nov2015,46,1,1,0,0
0,,,90,95,0,4,4,09nov2015,32,1,0,0,1
0,79,40,79,74,0,3,4,09nov2015,24,1,0,0,0
0,,,65,75,1,5,6,09nov2015,26,0,1,0,1
0,50,51,62,59,1,3,5,09nov2015,24,0,0,0,1
0,50,74,84,89,1,3,3,09nov2015,28,1,0,0,0
0,100,100,68,84,0,4,6,10nov2015,25,1,0,0,0
0,83,100,33,72,0,5,6,10nov2015,26,1,0,0,1
0,50,50,50,75,1,5,4,10nov2015,29,0,0,0,1
0,31,40,96,96,1,4,4,10nov2015,59,1,0,0,1
0,82,50,0,0,1,4,2,10nov2015,50,1,0,0,1
0,69,84,18,100,0,3,4,10nov2015,34,1,0,0,0
0,52,92,62,72,1,6,4,10nov2015,28,0,0,0,0
0,0,8,24,89,0,3,3,10nov2015,26,1,0,0,0
0,50,62,15,57,1,5,7,10nov2015,56,1,0,0,1
0,50,82,97,95,1,5,5,10nov2015,28,0,0,0,0
0,53,55,55,59,1,3,6,10nov2015,21,0,0,0,1
0,60,65,40,50,1,2,5,10nov2015,38,1,0,0,0
0,0,40,80,100,1,3,3,10nov2015,62,1,0,0,1
0,73,76,87,92,0,5,5,10nov2015,30,1,0,0,0
0,90,92,16,27,1,5,5,10nov2015,25,0,0,0,1
0,50,64,50,76,1,5,6,10nov2015,23,0,0,0,1
0,80,77,78,88,1,5,5,10nov2015,23,0,0,0,1
0,67,65,75,78,1,3,2,10nov2015,40,1,0,0,1
0,,,86,85,1,4,3,10nov2015,51,1,0,0,1
0,50,96,66,66,1,6,7,10nov2015,48,0,0,0,1
0,77,94,65,96,1,3,6,10nov2015,26,0,1,0,0
0,88,100,90,100,1,5,7,10nov2015,30,0,0,0,1
0,51,69,47,76,1,4,4,10nov2015,33,1,0,0,1
0,0,0,100,100,1,2,1,10nov2015,25,1,0,0,1
0,50,83,83,93,1,6,5,10nov2015,32,0,0,0,1
0,75,83,66,78,1,4,4,10nov2015,26,1,0,0,1
0,52,81,61,74,1,3,4,10nov2015,28,1,0,0,1
0,49,100,40,40,0,5,7,10nov2015,43,1,0,0,1
0,,,100,100,1,3,4,10nov2015,27,0,0,0,0
0,56,77,74,83,1,3,1,10nov2015,24,1,0,0,1
0,8,41,84,87,1,4,2,10nov2015,46,1,0,0,1
0,41,50,51,32,0,3,3,10nov2015,24,0,0,0,1
0,35,15,75,100,1,3,3,10nov2015,24,1,0,0,0
0,39,87,84,87,1,5,1,10nov2015,33,1,0,0,1
0,71,100,90,90,1,5,6,10nov2015,43,1,0,0,1
0,90,100,50,60,1,5,4,10nov2015,23,0,1,0,0
0,50,50,76,77,1,4,3,10nov2015,27,1,0,0,1
0,79,88,76,98,0,5,4,10nov2015,30,1,0,0,0
0,63,69,70,65,1,3,4,10nov2015,20,0,1,0,0
0,63,93,100,100,1,5,3,10nov2015,22,0,0,0,0
0,64,93,50,75,0,5,5,10nov2015,22,0,1,0,1
0,60,75,60,80,1,3,2,10nov2015,27,0,0,0,0
0,50,100,70,90,1,3,4,10nov2015,22,0,0,0,1
0,88,88,19,35,1,5,3,10nov2015,26,1,0,0,1
0,68,40,68,32,1,3,4,10nov2015,22,1,0,0,
0,23,30,81,79,1,4,1,10nov2015,59,1,0,0,1
0,,,,,,,,10nov2015,,0,1,0,
0,50,78,32,72,1,5,3,10nov2015,26,1,0,0,0
0,0,0,100,100,0,3,4,10nov2015,38,1,1,0,0
0,83,98,88,95,1,5,5,10nov2015,50,1,0,0,1
0,69,78,66,66,1,5,4,10nov2015,36,1,0,0,0
0,74,72,65,73,0,3,4,10nov2015,40,1,1,0,0
0,74,100,,58,1,5,4,10nov2015,25,1,0,0,1
0,100,50,100,100,1,6,6,10nov2015,48,0,0,0,1
0,70,70,54,59,1,5,5,10nov2015,47,1,1,0,1
0,90,96,50,50,0,5,7,10nov2015,40,0,0,0,1
0,50,,0,50,1,6,4,10nov2015,48,1,0,0,0
0,37,61,100,99,0,3,4,10nov2015,29,0,0,0,1
0,83,39,49,44,1,5,7,10nov2015,41,0,0,0,0
0,94,100,72,63,0,5,6,10nov2015,25,0,0,0,1
0,41,61,97,96,1,6,6,10nov2015,35,0,0,0,1
0,50,19,100,100,1,2,7,10nov2015,22,0,0,0,1
0,,,98,100,1,5,4,10nov2015,36,0,0,0,1
0,50,50,33,63,1,5,3,10nov2015,72,0,0,0,0
0,50,50,50,50,0,3,4,10nov2015,31,0,0,0,1
0,51,66,71,80,1,2,4,10nov2015,31,0,0,0,1
0,50,100,100,100,1,3,6,10nov2015,22,0,0,0,1
0,50,48,96,71,1,3,5,10nov2015,36,1,0,0,1
0,100,80,50,40,1,6,7,10nov2015,34,0,0,1,0
0,85,98,75,,1,3,5,10nov2015,41,0,1,0,1
0,73,100,50,51,0,4,2,10nov2015,40,0,0,0,1
0,50,60,61,75,0,3,5,10nov2015,26,0,0,0,1
0,50,50,50,62,0,4,5,10nov2015,65,1,0,0,1
0,83,100,100,100,1,5,6,10nov2015,25,0,0,0,1
0,25,,75,100,1,5,1,10nov2015,25,1,0,0,0
0,19,69,56,94,1,5,2,11nov2015,26,1,1,0,1
0,80,96,50,50,0,3,5,11nov2015,25,1,0,0,1
0,76,70,85,96,0,5,7,11nov2015,30,0,0,1,0
0,,,80,80,1,2,1,11nov2015,30,1,0,0,1
0,61,67,84,83,1,4,3,11nov2015,47,0,0,0,0
0,64,50,94,94,1,4,5,11nov2015,35,0,0,0,1
0,100,100,10,50,0,4,5,11nov2015,23,0,0,0,0
0,50,50,28,68,1,5,3,11nov2015,39,0,0,0,1
0,60,80,90,75,1,5,6,11nov2015,54,0,0,0,1
0,50,50,0,0,1,3,4,11nov2015,46,0,0,0,0
0,75,89,14,60,1,3,3,11nov2015,19,1,0,0,0
0,45,64,50,95,0,3,6,11nov2015,21,0,1,0,1
0,66,100,30,72,0,3,7,11nov2015,19,0,0,0,0
0,100,91,0,100,0,2,4,11nov2015,27,1,0,0,0
0,,100,21,22,1,5,7,11nov2015,23,0,0,0,1
0,40,50,80,96,1,3,5,11nov2015,56,1,0,0,1
0,60,50,13,93,1,3,7,11nov2015,21,0,0,0,1
0,,60,30,,1,3,7,11nov2015,39,0,0,0,0
0,,100,59,87,1,5,7,11nov2015,30,0,0,0,1
0,82,86,84,100,1,5,6,11nov2015,23,0,0,0,1
0,40,90,10,80,1,5,4,11nov2015,45,1,1,0,1
0,78,83,85,95,1,3,6,11nov2015,32,0,0,0,1
0,5,30,70,70,1,5,1,11nov2015,62,1,0,0,1
0,75,95,30,75,1,5,4,11nov2015,30,1,0,0,0
0,80,76,38,48,1,3,7,11nov2015,41,0,1,0,1
0,50,97,10,55,1,5,5,11nov2015,29,0,0,0,1
0,37,87,61,81,1,6,7,11nov2015,44,0,0,0,1
0,50,76,70,91,1,6,7,11nov2015,34,1,0,0,1
0,80,80,20,75,0,4,7,11nov2015,58,1,0,0,1
0,50,50,35,45,1,5,4,11nov2015,23,1,0,0,1
0,42,80,50,100,0,3,5,11nov2015,30,1,0,0,0
0,67,79,53,52,1,5,4,11nov2015,30,1,0,0,1
0,21,59,77,75,1,5,4,11nov2015,55,1,0,0,0
0,20,15,80,100,1,3,1,11nov2015,23,1,1,0,1
0,50,70,85,100,1,5,5,11nov2015,21,1,0,0,0
0,0,0,100,100,1,3,3,11nov2015,37,1,0,0,0
0,91,100,100,52,1,5,6,11nov2015,34,0,1,0,1
0,28,13,28,84,0,5,6,11nov2015,33,1,0,0,1
0,72,95,90,90,1,5,5,11nov2015,26,0,0,0,1
0,,75,87,86,1,2,4,11nov2015,25,1,0,0,0
0,88,89,41,47,1,5,6,11nov2015,31,0,0,0,0
0,,100,70,90,1,6,5,11nov2015,36,1,0,0,1
0,50,75,50,50,1,4,6,11nov2015,30,1,0,0,1
0,15,,,,,,,11nov2015,,0,1,0,
0,,90,90,70,0,6,7,11nov2015,30,1,0,0,1
0,82,96,63,67,1,5,7,11nov2015,39,1,0,0,1
0,77,100,78,89,1,3,4,11nov2015,33,0,1,0,0
0,25,20,61,26,1,6,6,11nov2015,38,1,0,0,1
0,74,91,100,100,1,3,5,11nov2015,32,0,0,0,0
0,50,50,26,24,0,3,7,11nov2015,20,0,1,0,0
0,20,22,94,95,1,3,3,11nov2015,27,0,0,0,0
0,50,65,100,100,1,6,6,12nov2015,38,0,0,0,0
0,75,87,92,93,1,5,3,12nov2015,42,0,0,0,1
0,,,,,,,,12nov2015,,0,1,0,
0,87,51,29,70,1,5,3,12nov2015,26,0,0,0,0
0,75,90,81,78,1,3,7,12nov2015,37,0,0,0,1
0,60,80,,,1,4,4,12nov2015,39,0,0,0,1
0,38,50,57,76,1,5,3,12nov2015,50,0,0,0,0
0,95,100,18,71,0,5,7,12nov2015,28,0,1,0,0
0,100,100,0,24,1,3,5,12nov2015,31,1,0,0,1
0,91,99,98,69,1,5,4,12nov2015,30,0,0,0,1
0,67,76,71,82,1,5,4,12nov2015,23,1,0,0,1
0,82,50,59,60,1,5,1,12nov2015,65,1,0,0,1
0,50,77,76,92,1,5,7,12nov2015,31,1,0,0,0
0,,100,0,3,1,5,4,12nov2015,24,1,0,0,0
0,50,100,79,100,1,6,3,12nov2015,26,0,0,0,1
0,90,100,95,100,0,3,5,12nov2015,27,0,0,0,0
0,100,100,5,60,1,3,4,12nov2015,,0,0,0,1
0,68,76,64,100,1,4,2,12nov2015,19,1,0,0,1
0,75,88,77,93,1,5,6,12nov2015,36,0,0,0,0
0,66,79,57,59,0,4,7,12nov2015,42,1,0,0,0
0,65,100,67,81,0,3,4,12nov2015,26,0,0,0,1
0,26,50,100,100,0,3,6,12nov2015,53,0,1,0,1
0,60,51,80,95,1,3,4,12nov2015,53,1,0,0,0
0,98,100,52,52,1,2,1,12nov2015,27,1,0,0,1
0,50,60,64,76,1,6,2,12nov2015,72,1,0,0,1
0,,75,36,35,1,5,5,12nov2015,25,0,0,0,1
0,65,82,68,78,1,3,6,12nov2015,21,1,0,0,1
0,47,59,60,84,1,6,3,12nov2015,51,1,1,0,0
0,15,80,85,99,1,4,1,12nov2015,40,1,0,0,1
0,95,95,85,50,1,2,7,12nov2015,29,0,0,0,1
0,79,97,71,71,1,6,3,12nov2015,41,1,0,0,1
0,6,37,100,100,1,4,4,12nov2015,37,0,0,0,1
0,100,100,0,0,0,3,4,12nov2015,31,1,0,0,1
0,50,85,85,90,1,5,1,12nov2015,66,1,0,0,1
0,50,50,60,60,1,5,7,12nov2015,40,1,0,0,1
0,40,,85,100,1,6,5,12nov2015,67,0,0,0,1
0,99,90,69,88,1,2,4,12nov2015,19,0,0,0,0
0,13,2,82,50,1,5,2,12nov2015,35,1,0,0,0
0,75,50,15,10,1,2,7,12nov2015,28,0,0,0,1
0,50,75,50,100,1,3,4,12nov2015,33,1,1,0,1
0,74,51,50,49,0,2,4,12nov2015,23,1,1,0,0
0,60,60,70,90,1,5,5,12nov2015,49,1,1,0,1
0,,,65,75,0,5,5,13nov2015,26,0,0,0,1
0,90,95,10,65,1,3,3,13nov2015,21,1,0,0,0
0,28,,65,,1,5,1,13nov2015,35,1,0,0,1
0,71,27,78,91,1,3,4,13nov2015,30,0,0,0,1
0,71,,32,100,1,5,5,13nov2015,28,0,1,0,1
0,100,100,30,40,0,5,6,13nov2015,33,1,0,0,1
0,50,100,75,90,1,6,5,13nov2015,27,0,0,0,1
0,50,100,23,31,0,5,5,13nov2015,23,1,1,0,1
0,45,48,62,78,1,5,7,13nov2015,64,1,1,0,0
0,75,50,85,91,1,6,5,13nov2015,52,0,1,0,1
0,72,56,90,87,1,4,4,13nov2015,56,0,0,0,1
0,6,21,60,60,0,6,7,13nov2015,37,1,1,0,1
0,,60,70,85,1,4,2,13nov2015,26,1,0,0,1
0,76,73,61,90,1,6,5,13nov2015,58,0,0,0,0
0,,100,71,79,1,2,5,13nov2015,25,0,1,0,0
0,52,86,,78,1,3,2,13nov2015,34,1,0,0,0
0,77,96,77,85,1,6,7,13nov2015,27,0,1,0,1
0,70,63,10,13,1,4,4,13nov2015,46,0,0,0,0
0,60,75,89,94,1,5,3,13nov2015,36,1,0,0,1
0,51,75,25,25,1,2,4,13nov2015,35,0,0,0,1
1,34,77,95,95,1,5,2,13nov2015,53,1,0,0,0
1,68,85,11,16,1,5,3,13nov2015,24,1,0,0,0
1,72,99,100,100,0,5,5,13nov2015,25,0,0,0,1
1,9,53,96,95,1,6,3,13nov2015,38,1,0,0,1
1,76,75,75,80,1,6,3,13nov2015,41,1,0,0,1
1,75,95,75,90,1,6,5,13nov2015,26,0,0,0,1
1,51,51,85,83,1,2,3,13nov2015,,1,0,0,1
1,74,91,70,92,1,3,6,13nov2015,21,1,0,0,0
1,100,100,100,100,0,6,6,14nov2015,28,1,0,0,1
1,50,50,91,90,1,5,4,14nov2015,45,0,0,0,0
1,100,100,50,0,0,4,7,14nov2015,46,0,0,1,0
1,50,50,57,72,1,3,4,14nov2015,23,0,0,0,1
1,,70,80,100,1,6,1,14nov2015,53,1,0,0,0
1,50,73,79,77,1,5,3,14nov2015,49,1,0,0,1
1,70,46,60,100,1,6,2,14nov2015,33,0,0,0,0
1,50,46,68,56,1,3,6,14nov2015,59,1,0,0,1
1,79,96,60,92,1,6,4,14nov2015,29,1,1,0,0
1,50,50,95,100,0,4,5,14nov2015,25,0,0,0,1
1,5,32,92,95,1,3,3,14nov2015,33,0,0,0,1
1,28,55,68,69,1,3,1,14nov2015,20,1,0,0,0
1,32,44,70,100,1,5,7,14nov2015,45,1,0,0,1
1,59,64,61,36,1,5,4,14nov2015,30,1,0,0,1
1,65,50,63,71,1,4,3,14nov2015,41,0,0,0,0
1,60,95,50,64,1,3,5,14nov2015,19,0,0,0,1
1,100,100,78,78,1,4,7,14nov2015,47,0,1,0,1
1,44,58,64,71,1,5,3,14nov2015,28,1,0,0,1
1,50,50,1,0,1,4,4,14nov2015,23,0,0,0,0
1,82,100,100,52,1,3,5,14nov2015,28,0,0,0,1
1,50,50,0,50,1,5,7,14nov2015,47,0,1,0,1
1,40,,75,100,0,2,7,14nov2015,36,0,0,0,0
1,100,100,70,100,1,3,7,14nov2015,78,1,0,0,1
1,50,60,68,79,1,3,2,14nov2015,31,1,1,0,1
1,100,100,100,100,1,6,7,14nov2015,61,0,0,0,0
1,25,50,100,90,1,2,2,14nov2015,50,1,0,0,1
1,70,50,70,100,1,3,6,14nov2015,24,0,0,0,0
1,85,100,75,100,1,5,5,14nov2015,26,0,0,0,0
1,50,50,50,50,0,2,4,14nov2015,36,0,0,0,1
1,70,,100,100,0,3,5,14nov2015,57,0,0,0,1
1,55,80,45,71,0,5,4,14nov2015,26,0,1,0,0
1,90,90,85,100,1,6,7,14nov2015,54,0,0,0,0
1,51,51,75,85,1,5,3,14nov2015,26,1,0,0,0
1,85,90,28,23,1,5,5,14nov2015,22,1,0,0,0
1,87,84,79,80,1,4,7,14nov2015,32,0,0,0,1
1,0,0,0,59,1,4,5,14nov2015,31,1,0,0,0
1,51,50,20,60,1,3,3,14nov2015,31,1,0,0,0
1,100,81,100,100,1,2,1,14nov2015,48,0,0,0,1
1,15,9,100,77,1,4,1,14nov2015,32,0,0,0,0
1,100,100,50,100,0,4,6,14nov2015,25,1,0,0,1
1,85,35,85,100,1,5,7,14nov2015,67,1,0,0,1
1,50,71,23,20,1,5,3,14nov2015,26,0,0,0,0
1,80,95,80,91,1,6,7,14nov2015,29,0,0,0,0
1,75,61,29,24,1,2,4,14nov2015,20,0,0,0,0
1,54,67,53,90,1,6,1,14nov2015,34,1,1,0,0
1,75,86,100,100,1,3,6,14nov2015,28,0,0,0,1
1,,60,40,70,1,3,7,14nov2015,21,1,0,0,1
1,50,50,75,75,1,5,2,14nov2015,31,1,0,0,0
1,69,95,51,12,,,,14nov2015,,0,1,0,
1,50,100,71,72,1,3,7,14nov2015,22,0,1,0,1
1,50,67,54,84,1,5,6,14nov2015,26,0,1,0,0
1,67,91,64,68,1,6,3,14nov2015,54,1,0,0,1
1,10,100,0,26,1,4,4,14nov2015,50,0,0,0,0
1,100,76,94,90,1,3,5,14nov2015,20,0,0,0,1
1,93,96,25,40,1,6,7,14nov2015,45,0,1,0,0
1,67,70,57,62,0,5,3,14nov2015,36,0,0,0,1
1,,,,71,1,3,3,14nov2015,53,1,0,0,1
1,50,90,55,57,1,3,4,14nov2015,32,0,0,0,0
1,76,85,76,100,1,3,4,14nov2015,61,1,0,0,1
1,30,20,100,100,1,6,3,14nov2015,24,1,0,0,1
1,50,91,66,81,0,2,7,14nov2015,29,1,1,0,0
1,57,52,18,20,1,5,4,14nov2015,23,0,1,0,0
1,95,100,80,81,1,5,4,14nov2015,53,1,0,0,1
1,86,82,70,84,0,5,7,14nov2015,22,0,0,0,0
1,100,0,1,0,1,5,4,14nov2015,36,1,0,0,0
1,46,50,75,100,1,5,5,14nov2015,29,0,1,0,0
1,50,100,100,100,1,5,3,14nov2015,31,1,0,0,0
1,84,79,74,76,0,3,1,14nov2015,29,0,0,0,0
1,50,63,50,69,1,3,3,14nov2015,25,1,0,0,1
1,,,49,,1,4,2,14nov2015,37,1,0,0,1
1,41,,60,72,0,5,7,14nov2015,59,0,0,0,0
1,59,43,74,72,1,5,4,14nov2015,21,1,0,0,1
1,10,50,100,100,1,5,6,14nov2015,32,0,0,0,1
1,50,50,80,80,1,6,3,15nov2015,46,1,0,0,0
1,100,100,100,100,1,3,7,15nov2015,58,1,0,0,1
1,55,65,100,100,1,5,4,15nov2015,24,0,0,0,1
1,92,95,97,97,1,2,7,15nov2015,28,0,1,0,0
1,55,75,100,100,1,4,4,15nov2015,43,0,0,0,1
1,70,80,95,95,1,5,5,15nov2015,66,1,0,0,0
1,65,40,65,62,1,3,5,15nov2015,23,1,0,0,1
1,,50,83,72,1,3,5,15nov2015,33,1,0,0,1
1,22,25,100,100,1,3,4,15nov2015,28,0,0,0,1
1,64,76,100,100,0,6,7,15nov2015,37,1,0,0,1
1,75,75,75,75,0,3,3,15nov2015,32,0,1,0,0
1,50,100,100,100,1,3,5,15nov2015,29,0,0,0,1
1,89,95,63,82,1,6,6,15nov2015,26,0,0,0,1
1,0,45,100,80,1,2,1,15nov2015,50,1,0,0,0
1,25,65,85,87,1,5,2,15nov2015,39,0,0,0,1
1,0,16,88,81,1,4,6,15nov2015,22,0,0,0,1
1,40,60,85,80,0,6,4,15nov2015,32,1,0,0,1
1,40,40,80,80,1,3,1,15nov2015,38,1,0,0,0
1,,,100,100,0,3,4,15nov2015,19,1,0,0,0
1,44,50,86,76,1,5,6,15nov2015,61,0,0,0,1
1,50,100,100,70,1,3,7,15nov2015,38,1,0,0,1
1,50,52,41,50,0,3,6,15nov2015,22,0,0,0,1
1,50,50,100,100,0,6,6,15nov2015,48,0,0,0,1
1,40,,75,100,1,3,5,15nov2015,64,0,0,0,1
1,,75,98,98,1,4,4,15nov2015,40,0,0,0,1
1,53,50,59,70,1,2,4,15nov2015,57,0,0,0,1
1,61,77,82,90,1,,6,15nov2015,61,1,0,0,1
1,27,50,94,97,1,5,7,15nov2015,59,0,0,0,1
1,73,94,96,95,1,3,3,15nov2015,39,1,0,0,1
1,50,50,94,94,1,6,7,15nov2015,68,0,0,0,1
1,70,55,80,80,1,4,5,15nov2015,44,1,0,0,1
1,60,54,40,66,1,6,6,15nov2015,32,0,0,0,1
1,,100,15,66,1,5,7,15nov2015,29,0,0,0,0
1,20,,100,100,1,4,1,15nov2015,30,1,0,0,0
1,,60,50,50,1,5,5,15nov2015,26,0,0,0,1
1,,91,46,67,1,5,5,15nov2015,28,1,0,0,1
1,50,60,0,0,1,5,4,15nov2015,29,0,0,0,0
1,69,52,24,26,1,5,4,15nov2015,29,1,0,0,1
1,96,80,100,100,0,5,5,15nov2015,28,0,0,0,0
1,40,50,75,75,1,3,1,15nov2015,31,0,0,0,1
1,,85,100,89,0,5,5,15nov2015,32,0,0,0,1
1,50,50,50,70,1,6,3,15nov2015,58,1,0,0,0
1,50,50,99,99,1,3,2,15nov2015,31,1,0,0,1
1,52,47,73,77,0,3,3,15nov2015,20,1,0,0,1
1,50,50,50,50,1,2,4,15nov2015,33,1,0,0,1
1,50,77,50,91,1,6,7,15nov2015,56,1,0,0,1
1,95,100,83,100,0,3,4,15nov2015,27,1,0,0,1
1,51,,100,85,1,3,3,15nov2015,24,0,0,0,1
1,76,100,27,31,0,5,3,15nov2015,19,1,0,0,0
1,12,12,93,64,1,3,1,15nov2015,45,0,0,0,0
1,24,50,66,67,0,6,7,15nov2015,25,0,0,0,0
1,47,42,100,100,1,4,4,15nov2015,42,0,0,0,1
1,40,54,79,92,1,5,6,15nov2015,46,1,0,0,1
1,50,50,60,75,1,4,3,15nov2015,29,0,0,0,1
1,30,,100,100,1,3,1,15nov2015,50,1,0,0,1
1,50,100,100,100,1,2,1,15nov2015,150,1,0,0,1
1,50,50,90,90,1,5,3,15nov2015,37,1,0,0,1
1,0,0,0,25,1,3,1,15nov2015,73,1,0,0,1
1,,,,62,1,4,4,15nov2015,36,1,0,0,1
1,,90,94,93,1,6,7,15nov2015,38,0,0,0,1
1,50,96,100,100,1,6,5,15nov2015,29,0,0,0,0
1,70,80,67,36,1,2,3,15nov2015,52,1,1,0,1
1,36,31,0,0,0,3,4,15nov2015,21,0,0,0,1
1,60,65,75,80,1,5,6,15nov2015,60,1,1,0,1
1,45,50,60,60,1,3,1,15nov2015,29,0,0,0,0
1,87,77,100,99,0,3,7,15nov2015,22,0,0,0,1
1,43,41,100,99,1,4,7,15nov2015,41,0,0,0,1
1,,71,61,68,1,5,2,15nov2015,23,1,0,0,1
1,79,81,88,89,1,2,7,15nov2015,29,0,1,0,1
1,72,81,99,98,0,2,4,15nov2015,53,0,0,0,0
1,40,80,50,69,0,3,5,15nov2015,45,0,1,0,1
1,73,81,60,57,1,5,4,15nov2015,23,0,0,0,1
1,54,50,50,100,1,3,4,15nov2015,46,1,0,0,1
1,30,60,90,90,0,3,3,15nov2015,22,0,0,0,0
1,40,,70,85,1,3,4,15nov2015,,0,0,0,0
1,57,65,32,25,1,3,1,15nov2015,20,1,0,0,0
1,,80,95,95,1,5,3,15nov2015,24,1,0,0,0
1,50,50,50,50,1,4,4,15nov2015,30,1,0,0,1
1,100,100,14,86,0,5,5,15nov2015,26,1,0,0,0
1,88,88,50,50,0,5,6,15nov2015,23,0,0,0,1
1,11,50,71,75,1,3,4,15nov2015,43,1,0,0,0
1,50,100,0,0,1,3,4,15nov2015,55,1,0,0,0
1,,100,90,80,1,3,6,15nov2015,35,1,0,0,1
1,63,54,14,23,0,4,6,15nov2015,34,0,0,0,0
1,100,100,0,16,1,4,4,15nov2015,25,0,1,1,1
1,91,100,100,82,1,5,6,15nov2015,37,0,1,0,1
1,80,100,15,62,0,5,6,15nov2015,31,0,1,0,1
1,62,50,42,74,1,2,6,15nov2015,50,1,0,0,1
1,50,73,60,100,0,3,6,15nov2015,27,1,0,0,1
1,40,65,100,100,0,3,5,15nov2015,42,0,0,0,0
1,75,88,76,100,1,3,5,15nov2015,19,0,0,0,1
1,,100,,,0,6,6,15nov2015,46,0,1,0,1
1,33,40,75,83,1,5,5,15nov2015,23,0,0,0,1
1,78,81,50,50,1,4,7,15nov2015,32,1,0,0,1
1,100,100,0,59,1,3,5,15nov2015,27,0,0,0,1
1,46,45,93,94,1,3,2,15nov2015,54,1,0,0,1
1,50,77,8,8,1,5,3,15nov2015,66,0,0,0,0
1,0,89,100,100,1,4,3,15nov2015,52,0,0,0,1
1,50,66,74,75,1,5,2,15nov2015,45,1,0,0,0
1,81,92,52,100,1,3,7,15nov2015,24,1,0,0,1
1,50,50,39,65,0,3,,15nov2015,47,1,0,0,1
1,64,78,100,99,1,5,6,15nov2015,26,0,0,0,0
1,62,92,69,100,1,2,4,15nov2015,23,0,0,0,1
1,80,100,80,100,0,2,4,15nov2015,31,0,0,0,0
1,,75,81,100,0,4,4,15nov2015,20,1,0,0,0
1,50,52,70,86,1,3,5,15nov2015,25,0,0,0,0
1,37,37,61,63,1,6,2,15nov2015,37,1,0,0,0
1,50,50,86,99,1,4,4,15nov2015,27,0,0,0,1
1,50,100,100,100,1,5,4,15nov2015,29,0,0,0,0
1,25,25,100,100,1,3,3,15nov2015,31,1,0,0,1
1,78,90,89,94,1,5,7,15nov2015,25,0,0,0,1
1,96,98,92,82,0,5,7,15nov2015,25,1,1,0,1
1,,,,,,,,15nov2015,,0,1,0,
1,92,65,66,95,1,3,6,15nov2015,30,0,1,0,0
1,25,50,100,100,1,3,2,15nov2015,27,1,0,0,1
1,51,51,36,80,1,5,1,15nov2015,24,0,1,0,1
1,53,50,38,72,1,5,7,15nov2015,21,1,0,0,1
1,100,100,37,37,0,3,4,15nov2015,22,0,0,0,0
1,50,50,89,98,1,6,7,15nov2015,65,0,0,0,1
1,10,20,75,100,1,5,4,15nov2015,54,0,1,0,0
1,27,58,72,82,1,5,4,15nov2015,53,0,0,0,0
1,61,93,63,61,0,3,5,16nov2015,27,0,0,1,1
1,100,100,100,100,1,3,7,16nov2015,57,0,0,0,1
1,94,99,100,100,1,2,4,16nov2015,21,1,0,0,1
1,75,85,85,90,1,5,1,16nov2015,23,1,0,0,1
1,50,71,26,81,1,5,7,16nov2015,34,0,1,0,1
1,50,40,80,90,1,3,3,16nov2015,34,1,0,0,0
1,49,36,65,88,1,3,4,16nov2015,30,0,0,0,1
1,70,100,100,100,1,3,7,16nov2015,27,0,0,0,1
1,23,,84,84,1,5,3,16nov2015,26,1,0,0,1
1,41,42,25,26,1,4,5,16nov2015,34,1,0,0,0
1,75,100,20,60,1,5,5,16nov2015,25,0,0,0,0
1,40,50,63,80,1,2,2,16nov2015,21,1,0,0,1
1,50,50,60,80,1,5,2,16nov2015,23,1,0,0,1
1,,,68,89,1,5,2,16nov2015,28,1,0,0,0
1,50,90,80,90,1,3,5,16nov2015,27,0,0,0,1
1,50,92,9,60,0,3,4,16nov2015,20,0,0,0,1
1,75,75,73,85,1,5,7,16nov2015,22,1,0,0,0
1,100,100,100,100,0,5,4,16nov2015,35,1,0,0,0
1,20,25,90,90,0,5,5,16nov2015,40,0,0,0,0
1,90,100,75,80,1,6,7,16nov2015,61,1,1,0,1
1,50,50,100,100,0,2,7,16nov2015,20,0,0,0,1
1,85,89,77,88,,,4,16nov2015,,1,1,0,
1,10,20,72,90,0,3,4,16nov2015,31,1,1,0,0
1,90,95,80,100,0,4,7,16nov2015,23,0,1,0,1
1,81,83,68,66,1,5,1,16nov2015,27,1,0,0,1
1,49,75,75,85,0,5,4,16nov2015,51,1,0,0,0
1,70,95,,60,1,5,5,16nov2015,32,0,0,0,1
1,50,100,66,100,1,5,7,16nov2015,22,0,0,0,1
1,60,75,40,85,0,4,5,16nov2015,32,1,0,0,1
1,51,87,73,81,1,3,6,16nov2015,42,1,0,0,1
1,75,90,10,20,1,4,6,16nov2015,56,1,0,0,0
1,,,73,71,1,6,6,16nov2015,26,0,0,0,1
1,35,100,100,100,1,3,3,16nov2015,31,0,0,0,0
1,95,99,4,69,1,5,5,16nov2015,24,0,1,0,0
1,7,31,84,92,1,2,4,16nov2015,28,1,0,0,1
1,54,69,93,96,1,5,4,16nov2015,33,0,0,0,1
1,100,100,89,87,1,3,4,16nov2015,23,0,0,1,1
1,87,91,75,80,1,4,5,17nov2015,27,0,0,0,0
1,70,90,50,50,0,6,6,17nov2015,33,1,0,0,1
1,85,85,20,100,0,3,7,17nov2015,23,0,0,0,1
1,46,95,100,90,1,4,4,17nov2015,30,0,1,0,0
1,,,,0,1,3,4,17nov2015,32,0,0,0,0
1,100,86,100,100,1,4,4,17nov2015,36,0,0,0,1
1,50,50,100,100,1,5,6,17nov2015,60,1,0,0,0
1,80,95,95,95,1,5,4,17nov2015,29,1,0,0,0
1,80,100,27,38,1,5,6,17nov2015,24,0,0,0,1
1,35,62,45,63,1,5,4,17nov2015,29,0,0,0,0
1,75,85,70,85,1,3,5,17nov2015,31,0,0,0,1
1,50,50,65,85,1,2,1,17nov2015,56,1,0,0,1
1,95,87,82,100,0,5,5,17nov2015,36,0,0,0,1
1,50,50,88,85,1,3,3,17nov2015,-929,1,0,0,1
1,100,100,100,100,1,3,4,17nov2015,23,0,0,0,0
1,,80,90,85,1,4,4,17nov2015,30,1,0,0,1
1,67,55,94,100,1,6,6,17nov2015,25,0,0,0,0
1,50,64,59,97,1,6,6,17nov2015,27,0,0,0,1
1,60,85,100,100,1,5,6,17nov2015,54,0,0,0,1
1,63,60,100,100,0,4,7,17nov2015,35,1,0,0,1
1,85,85,85,85,1,6,7,17nov2015,40,0,1,0,1
1,92,99,100,100,1,4,7,17nov2015,57,1,1,0,0
1,60,68,20,40,1,3,5,17nov2015,23,0,0,0,1
1,50,60,64,69,1,4,5,17nov2015,29,0,0,0,1
1,75,83,24,23,1,3,3,17nov2015,33,0,0,0,1
1,78,80,95,40,1,6,7,17nov2015,46,0,0,0,0
1,100,100,100,100,1,3,4,17nov2015,25,0,0,0,1
1,57,60,72,67,0,5,4,17nov2015,38,0,0,0,1
1,50,50,82,66,1,6,6,17nov2015,62,1,0,0,1
1,82,96,60,73,1,2,6,17nov2015,20,0,0,0,1
1,10,5,,,,,,17nov2015,,0,1,0,
1,50,70,100,100,1,5,4,17nov2015,29,0,0,0,1
1,67,80,85,90,1,4,3,17nov2015,49,1,0,0,0
1,97,100,16,89,0,5,6,17nov2015,27,1,0,0,1
1,70,42,62,63,1,3,4,17nov2015,21,0,0,0,0
1,70,90,60,60,0,5,5,17nov2015,26,0,0,0,1
1,73,59,56,58,0,3,5,17nov2015,29,1,1,0,0
1,100,100,75,90,0,5,7,17nov2015,27,0,0,1,1
1,3,5,61,96,1,5,7,17nov2015,31,1,0,0,0
1,25,75,75,100,1,3,3,18nov2015,34,0,0,0,0
1,,,100,100,0,4,6,18nov2015,21,0,0,0,1
1,50,100,68,75,1,4,2,18nov2015,33,0,0,0,0
1,90,97,100,100,0,3,7,18nov2015,26,0,0,0,1
1,83,96,24,76,1,5,6,18nov2015,38,0,0,0,1
1,50,50,100,100,1,5,4,18nov2015,40,1,0,0,1
1,79,90,61,96,1,5,7,18nov2015,33,1,0,0,1
1,78,83,43,69,1,3,7,18nov2015,45,0,0,0,0
1,75,99,49,50,0,1,6,18nov2015,27,1,0,0,0
1,50,78,100,100,1,3,7,18nov2015,44,0,0,0,0
1,25,40,91,91,1,5,1,18nov2015,63,1,0,0,1
1,70,100,25,62,1,3,5,18nov2015,26,0,1,0,1
1,75,80,100,100,0,3,7,18nov2015,56,0,0,0,0
1,25,25,73,93,1,6,4,18nov2015,33,1,0,0,0
1,85,100,90,90,1,3,7,18nov2015,26,0,0,0,0
1,,,83,89,1,3,7,18nov2015,22,1,0,0,1
1,50,75,30,50,1,5,5,18nov2015,28,0,0,0,1
1,5,35,40,40,1,5,4,18nov2015,24,1,0,0,0
1,70,70,70,75,1,4,4,18nov2015,27,0,0,0,0
1,62,71,75,83,0,5,5,18nov2015,57,0,1,0,0
1,43,49,50,50,1,3,6,18nov2015,32,0,0,0,0
1,62,,80,88,1,6,2,18nov2015,27,1,0,0,1
1,100,100,100,80,0,5,5,18nov2015,24,0,0,0,0
1,64,75,55,52,0,5,4,18nov2015,30,0,1,0,0
1,,,83,93,1,4,5,18nov2015,28,0,1,0,0
1,6,50,91,100,1,3,5,18nov2015,19,1,0,0,0
1,50,,50,77,1,5,5,19nov2015,22,0,1,0,1
1,53,52,100,96,1,3,7,19nov2015,28,0,1,0,1
1,64,74,44,64,1,5,4,19nov2015,27,1,1,0,0
1,50,50,62,62,1,1,6,19nov2015,36,0,0,0,1
1,71,100,87,100,0,5,5,19nov2015,39,0,0,0,0
1,50,90,25,90,1,6,5,19nov2015,37,0,0,0,0
1,50,82,13,84,1,5,2,19nov2015,53,1,0,0,1
1,82,91,45,100,1,6,3,19nov2015,24,1,0,0,1
1,52,38,100,100,0,5,6,19nov2015,40,1,0,0,1
1,19,66,73,89,1,4,2,19nov2015,46,1,0,0,0
1,51,54,49,51,0,5,3,19nov2015,,0,0,0,0
1,50,50,50,25,0,5,7,19nov2015,56,1,0,0,0
1,100,100,50,50,1,5,5,19nov2015,30,0,0,0,0
1,30,,61,76,1,4,3,19nov2015,31,1,0,0,1
1,76,100,71,90,0,4,6,19nov2015,25,1,0,0,0
1,,,72,90,1,5,4,19nov2015,22,0,0,0,1
1,50,97,93,97,1,3,4,19nov2015,39,0,0,0,1
1,50,60,65,75,1,3,4,19nov2015,31,0,0,0,1
1,,70,51,47,1,2,5,19nov2015,25,1,1,0,1
1,50,75,100,80,1,5,2,19nov2015,41,1,0,0,1
1,100,80,79,89,1,4,4,19nov2015,20,1,0,0,1
1,100,100,5,75,1,5,7,19nov2015,39,0,0,0,1
1,48,62,100,100,1,4,5,19nov2015,54,0,0,0,1
1,50,66,71,84,1,3,1,19nov2015,20,1,0,0,0
1,63,75,68,90,1,3,6,19nov2015,38,1,0,0,0
1,75,100,97,100,1,5,7,19nov2015,45,1,0,0,1
1,5,45,0,0,1,5,3,19nov2015,36,1,0,0,1
1,95,100,66,90,1,5,5,19nov2015,22,1,1,0,1
1,,80,20,20,1,3,4,19nov2015,35,1,0,0,0
1,75,96,94,100,1,5,6,19nov2015,26,0,0,0,1
1,62,69,84,100,1,5,3,19nov2015,31,0,0,0,0
1,56,72,95,99,1,3,7,19nov2015,31,1,0,0,1
1,80,85,70,80,1,6,6,19nov2015,39,0,0,0,1
1,50,75,87,85,1,3,7,19nov2015,19,0,0,0,1
1,22,,89,84,1,4,4,21nov2015,64,1,0,0,1
1,,70,70,100,1,3,5,21nov2015,30,1,0,0,1
1,50,74,59,57,1,4,4,21nov2015,46,0,1,0,1
1,,30,75,75,1,3,6,21nov2015,32,1,0,0,1
1,76,71,26,63,1,5,5,21nov2015,28,0,0,0,0
1,40,38,96,100,1,6,5,21nov2015,53,0,1,0,1
1,60,70,70,85,1,5,6,21nov2015,36,1,0,0,1
1,50,44,64,61,1,5,1,21nov2015,23,0,0,0,0
1,65,85,10,35,1,3,5,21nov2015,25,1,0,0,1
1,75,100,64,74,1,6,7,21nov2015,28,0,0,0,1
1,99,50,66,66,0,5,7,21nov2015,34,1,0,0,1
1,60,70,80,90,1,6,3,21nov2015,70,0,0,0,0
1,50,50,75,60,0,5,5,21nov2015,43,0,0,0,1
1,50,75,90,100,1,3,7,21nov2015,27,0,1,0,1
1,65,93,77,94,1,5,6,21nov2015,32,0,0,0,1
1,50,50,100,100,1,4,4,21nov2015,31,0,0,0,1
1,40,,80,80,1,5,7,21nov2015,50,0,0,0,0
1,92,99,79,90,1,6,5,21nov2015,34,1,0,0,1
1,80,80,100,100,1,4,2,21nov2015,31,1,0,0,0
1,,,100,3,1,2,4,21nov2015,52,0,0,0,1
1,24,20,52,53,1,3,2,21nov2015,31,1,0,0,1
1,96,100,10,27,1,6,7,21nov2015,33,0,1,0,1
1,100,100,75,64,1,6,5,21nov2015,21,0,1,0,0
1,11,7,11,89,1,6,1,22nov2015,37,1,0,0,1
1,13,44,100,100,1,3,5,22nov2015,25,0,1,0,0
1,,85,90,35,1,6,5,22nov2015,25,0,1,0,0
1,93,96,84,97,0,5,7,22nov2015,38,1,0,0,0
1,82,95,19,46,1,2,5,22nov2015,33,1,0,0,0
1,80,100,50,60,1,5,3,22nov2015,23,0,0,0,0
1,10,35,84,82,1,5,4,22nov2015,68,1,0,0,0
1,0,0,100,0,0,5,7,22nov2015,31,1,0,0,0
1,100,100,23,,1,3,7,22nov2015,20,0,1,0,1
1,85,90,10,10,1,3,5,22nov2015,21,0,0,0,1
1,,,90,90,0,3,5,22nov2015,48,1,0,0,0
1,85,90,100,100,0,5,2,22nov2015,28,1,0,0,1
1,85,65,75,98,1,3,6,22nov2015,48,0,0,0,0
1,0,82,100,100,1,3,1,22nov2015,26,1,0,0,1
1,0,0,100,100,1,1,1,22nov2015,58,1,0,0,0
1,50,50,56,73,1,6,2,22nov2015,30,1,0,0,1
1,50,88,83,85,1,5,3,22nov2015,29,1,0,0,1
1,48,46,50,,1,3,6,22nov2015,65,1,0,0,1
1,93,100,70,80,1,5,7,22nov2015,21,0,0,0,1
1,100,100,100,100,1,3,4,22nov2015,25,0,1,0,0
1,,,60,95,1,5,5,22nov2015,24,1,0,0,1
1,68,77,89,92,0,5,3,22nov2015,24,1,0,0,0
1,0,25,90,100,1,6,5,22nov2015,46,0,0,0,0
1,65,49,95,94,1,5,7,22nov2015,52,1,0,0,0
1,70,80,90,90,1,2,2,22nov2015,60,1,0,0,1
1,50,90,90,90,1,5,3,22nov2015,50,0,0,0,0
1,22,50,90,91,1,6,6,22nov2015,60,1,0,0,0
1,97,99,41,66,1,3,7,22nov2015,21,0,0,0,1
1,66,65,87,93,1,3,5,22nov2015,21,1,0,0,1
1,66,80,70,52,1,5,7,22nov2015,41,1,0,0,0
1,47,92,69,100,0,3,6,22nov2015,56,1,0,0,1
1,40,90,79,94,0,6,4,22nov2015,74,1,1,0,0
1,75,90,75,100,1,5,6,22nov2015,33,1,0,0,1
1,40,50,78,89,1,5,2,22nov2015,35,0,0,0,1
1,,92,100,100,1,3,5,23nov2015,30,0,0,0,0
1,50,50,50,50,1,3,5,23nov2015,26,0,0,0,1
1,50,50,75,50,1,4,4,23nov2015,28,1,0,0,1
1,,62,77,90,1,3,3,23nov2015,34,0,0,0,1
1,45,55,65,75,1,3,3,23nov2015,57,1,0,0,1
1,67,100,75,90,1,6,3,23nov2015,22,1,0,0,1
1,40,100,70,100,1,3,2,23nov2015,26,1,0,0,0
1,50,,86,77,1,6,6,23nov2015,55,1,0,0,1
1,,,100,100,1,3,6,23nov2015,47,1,0,0,1
1,50,90,100,100,1,5,3,23nov2015,28,1,0,0,1
1,25,50,68,81,1,6,5,23nov2015,49,1,0,0,1
1,25,93,100,100,1,3,1,23nov2015,58,0,0,0,1
1,70,80,65,80,1,5,6,23nov2015,26,0,0,0,0
1,75,75,100,90,1,3,5,23nov2015,27,0,0,0,0
1,66,61,100,100,0,5,5,23nov2015,24,0,0,0,1
1,0,50,,,1,2,4,23nov2015,39,1,0,0,0
1,39,50,33,40,1,5,5,23nov2015,24,0,0,0,0
1,40,60,45,60,1,6,5,23nov2015,24,0,1,0,0
1,80,96,85,99,,,,23nov2015,,0,1,0,
1,100,100,100,100,0,5,4,23nov2015,26,1,0,0,1
1,62,87,70,71,0,5,7,23nov2015,37,1,0,0,1
1,0,50,100,100,1,3,2,23nov2015,63,1,0,0,1
1,35,22,66,44,1,3,3,23nov2015,33,1,0,0,1
1,100,100,90,100,1,3,3,23nov2015,41,1,0,0,1
1,40,65,70,90,1,3,2,23nov2015,33,1,1,0,0
1,53,79,69,85,1,2,6,23nov2015,35,0,0,0,0
1,50,100,72,82,0,5,5,23nov2015,26,0,1,0,1
1,20,45,60,85,1,2,4,23nov2015,42,0,0,0,1
1,1,91,100,100,1,6,4,23nov2015,48,1,0,0,1
1,80,85,75,70,1,5,7,23nov2015,55,1,0,0,0
1,0,0,85,82,1,2,7,23nov2015,36,1,0,0,0
1,50,40,95,97,1,3,5,23nov2015,35,1,0,0,1
1,40,60,91,100,0,2,1,23nov2015,26,1,0,0,0
1,100,100,75,83,1,6,7,23nov2015,28,0,0,0,1
1,65,80,17,56,1,5,1,23nov2015,25,1,0,0,0
1,100,99,50,81,1,5,4,23nov2015,29,0,0,0,1
1,25,40,75,90,1,6,3,23nov2015,32,0,0,0,0
1,100,100,100,100,1,3,5,23nov2015,33,0,1,0,0
1,26,7,79,85,1,5,3,23nov2015,31,1,0,0,1
1,0,1,29,63,1,2,4,23nov2015,36,1,0,0,0
1,50,85,35,35,0,4,4,23nov2015,30,1,0,0,0
1,100,100,77,87,1,3,7,23nov2015,21,0,0,0,0
1,33,4,54,53,0,6,7,23nov2015,35,0,0,0,0
1,50,81,82,85,1,3,6,23nov2015,26,0,1,0,0
1,50,,40,65,1,3,3,23nov2015,37,1,0,0,1
1,59,68,90,91,0,3,3,23nov2015,23,1,0,0,0
1,60,100,60,85,1,3,7,23nov2015,25,0,0,0,1
1,57,55,75,91,1,5,7,23nov2015,23,1,0,0,1
1,80,80,60,60,0,4,6,23nov2015,25,0,0,0,0
1,50,70,69,87,1,3,6,23nov2015,24,0,1,0,0
1,15,50,100,100,0,5,1,23nov2015,35,1,0,0,1
1,38,30,77,71,1,2,4,23nov2015,20,0,0,0,0
1,90,100,80,100,1,3,5,23nov2015,45,1,0,0,0
1,0,100,100,100,0,3,6,23nov2015,30,0,0,0,0
1,75,100,79,79,1,3,7,23nov2015,37,0,0,0,1
1,80,75,60,15,1,6,7,24nov2015,32,0,1,0,1
1,68,50,,50,0,3,7,24nov2015,22,1,0,0,1
1,92,88,13,41,1,5,4,24nov2015,29,0,0,0,0
1,92,90,75,75,1,5,4,24nov2015,29,0,1,0,1
1,75,80,100,100,1,2,2,24nov2015,28,0,0,0,0
1,50,50,70,70,1,4,4,24nov2015,35,1,1,0,1
1,,,85,69,1,3,7,24nov2015,28,1,0,0,0
1,100,100,50,50,1,2,4,24nov2015,33,0,0,0,0
1,62,60,28,63,1,5,2,24nov2015,27,1,0,0,1
1,69,96,74,85,0,5,3,24nov2015,32,1,0,0,0
1,85,95,55,90,1,6,7,24nov2015,51,0,0,0,1
1,50,50,35,87,1,2,3,24nov2015,63,1,0,0,0
1,67,78,74,91,1,5,6,24nov2015,25,0,0,0,0
1,88,93,29,73,1,5,6,24nov2015,28,0,1,0,0
1,26,63,68,92,1,5,7,24nov2015,25,0,0,0,1
1,65,50,50,50,0,5,4,24nov2015,36,0,0,0,1
1,2,50,84,94,1,5,7,24nov2015,24,0,0,0,1
1,97,98,81,78,1,5,4,24nov2015,,0,0,1,0
1,85,95,80,93,1,5,6,24nov2015,36,1,0,0,0
1,100,100,78,92,0,5,6,24nov2015,23,0,0,0,1
1,52,92,30,55,1,3,5,24nov2015,30,1,0,0,1
1,80,96,27,43,0,2,4,24nov2015,27,0,0,0,1
1,80,80,90,80,1,5,2,24nov2015,26,1,0,0,1
1,60,100,0,10,1,5,7,24nov2015,23,0,0,0,1
1,60,60,91,100,1,6,6,24nov2015,64,1,0,0,0
1,87,100,82,100,0,6,7,24nov2015,38,0,1,0,1
1,85,90,72,72,1,2,4,24nov2015,21,1,0,0,0
1,85,95,95,30,0,3,6,24nov2015,19,0,0,0,0
1,75,72,80,93,1,3,2,24nov2015,21,1,0,0,1
1,15,35,75,70,0,3,3,24nov2015,25,1,0,0,0
1,34,49,69,83,0,2,6,24nov2015,26,1,1,0,0
1,50,60,100,100,1,3,2,25nov2015,55,0,0,0,0
1,100,100,50,70,1,4,4,25nov2015,21,0,0,0,1
1,56,36,55,59,1,5,1,25nov2015,25,1,1,0,0
1,52,50,56,50,0,2,5,25nov2015,64,1,0,0,1
1,40,54,41,33,1,6,5,25nov2015,60,1,0,0,1
1,65,89,31,91,1,4,5,25nov2015,27,1,0,0,0
1,70,95,95,95,0,4,6,25nov2015,28,0,0,0,1
1,68,81,50,50,1,2,4,25nov2015,27,0,0,0,1
1,7,61,93,94,1,5,4,25nov2015,39,0,1,0,0
1,50,50,26,72,1,5,2,25nov2015,63,1,0,0,1
1,72,70,97,99,1,3,6,25nov2015,26,0,1,0,1
1,50,50,50,85,1,4,5,25nov2015,32,0,1,0,1
1,75,100,75,100,1,5,7,25nov2015,29,0,0,0,1
1,10,40,86,90,1,3,4,25nov2015,27,0,0,0,0
1,71,76,97,97,0,3,4,25nov2015,51,0,0,0,1
1,50,75,76,79,0,5,4,26nov2015,45,1,0,0,1
1,97,93,81,85,1,4,5,26nov2015,55,1,0,0,1
1,33,50,10,51,1,2,3,26nov2015,40,0,0,0,0
1,100,99,100,92,0,3,4,26nov2015,56,1,0,0,1
1,50,99,89,100,1,4,6,26nov2015,37,0,0,0,0
1,50,30,38,63,0,5,5,26nov2015,22,0,1,0,0
1,78,78,74,96,1,3,3,26nov2015,30,1,0,0,1
1,67,37,45,78,1,3,4,26nov2015,27,0,0,0,0
1,50,85,100,100,1,5,5,26nov2015,25,0,0,0,0
1,64,90,72,79,1,3,2,26nov2015,21,1,0,0,0
1,70,,79,77,1,3,6,26nov2015,35,0,0,0,0
1,50,50,56,82,1,5,5,26nov2015,54,0,1,0,1
1,90,96,21,20,1,4,4,26nov2015,21,1,1,0,1
1,0,0,72,84,1,3,5,26nov2015,30,1,0,0,0
1,46,62,63,70,0,5,3,26nov2015,27,1,1,0,1
1,1,3,96,92,1,4,4,26nov2015,26,0,0,0,1
1,1,1,1,1,1,5,2,27nov2015,42,0,0,0,1
1,75,80,75,90,0,5,6,27nov2015,27,0,1,0,0
1,90,100,65,80,1,3,3,27nov2015,23,0,1,0,1
1,,,76,,0,5,4,27nov2015,55,1,0,0,1
1,90,98,80,81,1,5,4,27nov2015,53,0,0,0,1
1,70,70,80,100,1,2,6,27nov2015,51,1,0,0,1
1,55,80,65,85,1,2,4,27nov2015,53,0,0,0,0
1,83,100,100,100,1,4,3,27nov2015,26,1,0,0,1
1,35,41,25,15,0,3,5,27nov2015,56,0,1,0,1
1,100,100,72,95,1,3,7,27nov2015,21,0,0,0,1
1,100,100,50,64,1,3,7,27nov2015,22,0,0,0,1
1,75,76,68,84,1,3,5,27nov2015,21,0,0,0,1
1,78,89,78,94,0,3,4,27nov2015,27,1,0,0,1
1,79,87,53,70,1,5,6,27nov2015,24,0,0,0,1
1,0,0,100,100,1,5,4,27nov2015,66,1,0,0,1
1,50,100,5,30,1,5,5,27nov2015,31,1,0,0,0
1,90,100,60,70,1,3,7,27nov2015,39,0,0,0,0
1,84,92,72,93,1,4,5,27nov2015,32,0,0,0,1
1,50,81,67,68,1,2,4,27nov2015,30,0,0,0,1
1,,90,60,75,1,5,3,27nov2015,25,1,0,0,1
1,40,80,61,58,1,6,3,27nov2015,39,1,0,0,0
1,72,85,86,100,1,4,4,27nov2015,29,0,0,0,1
1,22,50,84,90,0,5,1,27nov2015,32,1,0,0,1
1,52,88,29,69,1,4,5,27nov2015,21,0,0,0,0
1,50,50,51,50,1,3,5,27nov2015,21,0,0,0,1
1,62,86,62,92,1,4,5,27nov2015,22,0,0,0,1
1,,,99,99,1,4,4,27nov2015,31,1,1,0,1
1,46,75,98,99,1,3,6,28nov2015,22,0,0,0,0
1,,60,100,100,1,5,5,28nov2015,30,0,0,0,1
1,,,,50,1,4,3,28nov2015,37,1,1,0,0
1,84,84,85,100,1,5,7,28nov2015,46,0,1,0,1
1,5,40,95,95,1,6,6,28nov2015,59,1,0,0,1
1,50,50,61,18,1,3,4,28nov2015,20,0,0,0,1
1,50,97,100,100,0,6,7,28nov2015,37,1,0,0,1
1,50,99,99,100,1,5,5,28nov2015,52,0,1,0,1
1,19,,12,11,1,2,2,28nov2015,26,1,0,0,0
1,81,97,54,76,1,5,7,28nov2015,26,0,0,0,1
1,10,50,90,65,1,3,4,28nov2015,61,0,0,0,1
1,50,70,71,84,1,3,4,28nov2015,23,0,0,0,1
1,98,100,29,75,0,3,5,28nov2015,18,0,0,0,1
1,50,70,100,100,0,2,2,28nov2015,35,1,0,0,0
1,74,83,65,50,1,3,4,28nov2015,22,1,0,0,1
1,100,100,100,100,1,5,4,28nov2015,39,1,0,0,1
1,100,100,100,100,0,5,7,28nov2015,47,1,0,0,1
1,85,80,52,75,1,6,7,28nov2015,37,0,0,0,1
1,65,65,66,65,1,3,6,28nov2015,27,0,0,0,0
1,50,75,40,67,1,5,5,28nov2015,54,0,0,0,1
1,80,50,100,100,1,2,5,28nov2015,59,0,0,0,1
1,50,62,60,73,0,2,6,28nov2015,22,0,1,0,0
1,50,50,0,62,0,2,7,28nov2015,30,1,0,0,1
1,33,31,30,39,1,3,6,28nov2015,22,1,0,0,1
1,60,60,50,82,1,6,6,28nov2015,30,0,0,0,0
1,96,92,92,97,0,3,6,28nov2015,42,1,0,0,1
1,49,0,50,52,1,4,3,28nov2015,51,1,0,0,0
1,94,95,71,71,1,6,5,28nov2015,27,0,0,0,1
1,80,86,38,38,0,5,6,28nov2015,49,1,0,0,1
1,39,46,79,64,1,3,2,28nov2015,34,1,0,0,1
1,62,60,54,66,1,3,4,28nov2015,21,0,0,0,0
1,,64,74,85,1,3,4,28nov2015,22,0,0,0,1
1,43,60,37,58,1,6,2,28nov2015,25,1,0,0,0
1,50,80,10,70,0,3,4,28nov2015,35,0,1,0,0
1,50,50,60,10,1,3,4,28nov2015,31,0,0,0,0
1,92,91,86,79,1,4,7,28nov2015,34,1,0,0,1
1,10,37,74,83,1,3,5,28nov2015,31,0,0,0,1
1,41,35,40,40,1,3,2,28nov2015,35,1,0,0,1
1,70,80,70,80,1,5,6,28nov2015,52,1,0,0,1
1,,60,100,100,1,5,4,28nov2015,25,0,0,0,0
1,50,50,84,87,1,3,5,29nov2015,59,1,1,0,1
1,18,13,91,91,1,6,2,29nov2015,25,0,0,0,1
1,65,71,57,69,1,5,7,29nov2015,23,1,1,0,0
1,91,97,89,94,1,6,2,29nov2015,36,1,1,0,0
1,,72,100,,1,5,5,29nov2015,26,0,0,0,1
1,,,63,71,1,5,4,29nov2015,26,1,0,0,0
1,100,100,5,5,0,6,4,29nov2015,41,0,0,0,0
1,,69,100,100,1,3,4,29nov2015,62,0,0,0,1
1,57,79,91,100,1,3,3,29nov2015,30,0,0,0,0
1,96,100,100,100,0,3,5,29nov2015,20,0,0,0,1
1,,,85,86,0,6,6,29nov2015,33,1,0,0,1
1,92,100,81,85,1,5,7,29nov2015,30,1,0,0,1
1,49,100,99,99,1,2,5,29nov2015,29,0,0,0,0
1,77,76,72,28,0,2,4,29nov2015,86,0,0,0,0
1,40,50,50,50,1,2,3,29nov2015,52,1,0,0,1
1,75,92,91,99,1,5,6,29nov2015,25,0,0,0,0
1,40,,78,50,0,3,1,29nov2015,36,1,0,0,0
1,63,89,75,98,1,5,7,29nov2015,34,1,0,0,1
1,79,66,85,72,0,1,3,29nov2015,32,0,0,0,0
1,66,,93,93,1,5,5,29nov2015,22,0,0,0,1
1,30,,43,76,1,4,3,29nov2015,38,0,0,0,1
1,10,50,100,100,1,3,5,29nov2015,51,0,0,0,1
1,84,87,11,67,0,6,5,29nov2015,23,1,0,0,1
1,40,51,100,100,1,5,5,29nov2015,32,0,0,0,1
1,85,85,66,89,1,5,1,29nov2015,66,1,0,0,1
1,,71,73,23,1,3,4,29nov2015,65,1,0,0,0
1,48,59,52,60,1,4,4,29nov2015,23,1,1,0,1
1,52,62,70,59,1,5,3,29nov2015,33,0,0,0,1
1,,71,58,81,1,5,3,29nov2015,44,1,0,0,1
1,80,100,100,100,1,5,4,29nov2015,45,1,1,0,1
1,37,,72,75,1,2,3,29nov2015,22,0,0,0,0
1,51,8,98,99,0,4,2,29nov2015,39,1,0,0,0
1,40,50,60,75,1,5,6,29nov2015,44,0,1,0,1
1,44,44,75,85,1,5,3,29nov2015,29,0,0,0,0
1,26,62,100,100,1,3,5,29nov2015,21,0,0,0,0
1,27,,,65,1,4,4,29nov2015,25,1,1,0,1
1,70,100,100,100,1,6,7,29nov2015,39,1,1,0,0
1,61,78,100,100,1,5,3,29nov2015,40,1,0,0,1
1,60,0,74,70,1,2,4,29nov2015,18,0,0,0,0
1,88,92,84,84,1,6,4,29nov2015,27,1,1,0,0
1,60,40,73,100,1,3,4,29nov2015,29,0,0,0,0
1,85,100,70,65,1,3,5,29nov2015,18,0,0,0,0
1,52,59,85,71,1,5,4,29nov2015,30,1,0,0,1
1,85,100,100,100,1,4,4,29nov2015,26,0,0,0,1
1,95,,65,89,1,6,6,29nov2015,35,0,0,0,0
1,70,88,81,78,1,3,7,29nov2015,20,0,0,0,0
1,66,,65,79,1,3,3,29nov2015,19,0,0,0,0
1,75,50,100,100,1,3,4,29nov2015,51,0,0,0,1
1,70,80,60,71,0,3,5,29nov2015,29,1,0,0,1
1,77,100,99,100,1,5,7,29nov2015,23,0,0,0,1
1,,79,85,93,1,5,7,29nov2015,42,0,1,0,1
1,50,70,100,100,1,4,5,29nov2015,19,0,0,0,0
1,,70,,62,0,6,4,29nov2015,33,0,1,0,0
1,,,50,10,1,2,3,29nov2015,32,0,0,0,0
1,15,85,100,100,1,3,5,29nov2015,25,0,0,0,1
1,50,90,60,50,1,6,7,29nov2015,26,0,0,0,1
1,56,66,56,46,0,6,7,29nov2015,25,1,0,0,0
1,65,91,84,95,1,6,7,29nov2015,27,0,1,0,0
1,50,50,15,63,1,3,5,30nov2015,33,1,0,0,1
1,91,91,98,99,1,2,6,30nov2015,31,0,1,0,0
1,90,90,100,100,1,3,4,30nov2015,24,0,0,0,1
1,,42,72,73,1,3,3,30nov2015,33,1,1,0,1
1,60,80,70,70,1,6,7,30nov2015,47,0,0,0,1
1,69,80,64,64,1,5,3,30nov2015,30,1,1,0,0
1,75,84,37,71,1,4,6,30nov2015,34,0,0,0,1
1,55,75,75,100,1,4,7,30nov2015,34,0,0,0,1
1,51,80,79,82,0,6,3,30nov2015,27,0,0,0,0
1,75,95,30,60,1,2,5,30nov2015,39,0,0,0,0
1,100,100,50,50,1,2,4,30nov2015,23,0,0,0,1
1,10,10,50,50,1,2,5,30nov2015,39,0,0,0,0
1,90,,100,100,1,3,4,30nov2015,33,0,0,0,0
1,0,39,0,1,1,3,3,30nov2015,35,1,0,0,1
1,83,80,92,92,0,5,4,30nov2015,22,0,0,0,1
1,51,84,14,63,1,3,5,30nov2015,28,0,0,0,0
1,70,75,90,80,1,4,6,30nov2015,20,0,0,0,1
1,96,97,12,77,0,5,7,30nov2015,51,1,0,0,1
1,85,100,63,66,1,3,5,30nov2015,22,0,1,0,1
1,70,58,54,68,1,5,7,30nov2015,22,1,0,0,1
1,,,7,99,1,4,5,30nov2015,69,1,0,0,1
1,50,,77,100,1,3,4,30nov2015,30,0,0,0,1
1,39,45,84,92,1,3,5,30nov2015,26,0,0,0,0
1,,100,50,,1,6,7,30nov2015,29,0,0,0,1
1,100,100,67,84,1,3,7,30nov2015,20,0,0,0,1
1,50,70,70,91,1,5,6,30nov2015,31,1,0,0,1
1,50,100,0,0,1,6,4,30nov2015,39,0,0,0,1
1,90,100,60,100,1,5,6,30nov2015,23,0,0,0,0
1,92,100,40,74,1,5,5,30nov2015,26,1,0,0,1
1,25,50,100,100,0,5,3,30nov2015,36,1,0,0,1
1,34,61,32,25,0,5,4,30nov2015,,1,0,0,0
1,70,100,75,55,0,3,4,30nov2015,21,1,0,0,0
1,65,88,84,77,0,5,4,30nov2015,28,0,0,0,0
1,58,61,63,38,0,3,7,30nov2015,25,1,0,0,1
1,,85,90,80,1,2,3,30nov2015,40,0,0,0,0
1,71,90,12,61,1,5,3,30nov2015,23,1,0,0,1
1,72,78,60,77,1,5,7,30nov2015,24,0,0,0,1
1,86,87,72,92,0,5,6,30nov2015,64,0,0,0,0
1,39,68,83,85,1,4,5,30nov2015,32,0,0,0,1
1,,100,63,69,1,2,4,30nov2015,25,1,0,0,0
1,57,52,68,41,0,3,5,30nov2015,37,0,1,0,0
1,91,95,59,72,1,3,5,30nov2015,33,0,0,0,1
1,50,91,60,80,1,4,7,30nov2015,42,0,1,0,1
1,90,90,100,100,1,5,4,30nov2015,26,0,0,0,0
1,92,100,47,57,1,5,6,30nov2015,25,0,0,0,1
1,0,0,100,100,1,5,5,30nov2015,30,0,0,0,0
1,90,100,100,100,0,4,4,30nov2015,30,0,0,0,1
1,76,98,,,,,,30nov2015,,0,1,0,
1,50,80,55,60,1,2,5,30nov2015,24,0,0,0,1
1,50,78,1,98,1,3,5,30nov2015,21,0,0,0,1
1,50,50,20,20,0,4,6,30nov2015,61,1,0,0,1
1,,75,50,80,1,2,3,01dec2015,33,1,0,0,1
1,100,100,50,70,1,4,7,01dec2015,21,0,0,0,1
1,50,100,0,50,1,3,7,01dec2015,22,0,0,0,0
1,96,95,91,96,1,6,7,01dec2015,30,1,0,0,1
1,15,17,90,95,1,3,5,01dec2015,26,0,1,0,1
1,15,8,86,93,1,4,4,01dec2015,40,1,0,0,0
1,50,64,99,99,1,5,3,01dec2015,36,1,0,0,1
1,0,82,90,100,1,6,1,01dec2015,34,1,0,0,0
1,,93,,71,1,6,4,01dec2015,63,0,0,0,0
1,50,87,39,71,1,5,6,01dec2015,27,0,0,0,1
1,74,95,66,82,0,5,4,01dec2015,27,0,0,0,1
1,40,90,65,95,1,3,1,01dec2015,36,1,0,0,1
1,75,85,100,100,1,3,3,01dec2015,64,1,0,0,1
1,100,100,100,100,1,2,7,01dec2015,36,0,0,0,1
1,50,50,64,75,1,3,3,01dec2015,53,1,0,0,0
1,92,100,,,1,3,6,02dec2015,25,0,1,0,0
1,95,97,21,23,0,3,5,02dec2015,19,0,0,0,1
1,85,97,100,96,0,5,6,02dec2015,23,0,0,0,0
1,95,100,86,95,1,3,3,02dec2015,25,1,0,0,1
1,35,50,79,88,0,5,3,02dec2015,47,0,0,0,1
1,5,15,75,40,1,3,2,02dec2015,24,1,0,0,1
1,50,70,85,84,1,5,2,02dec2015,43,1,0,0,1
1,61,,75,59,1,5,5,02dec2015,33,0,0,0,0
1,95,100,85,85,0,6,7,02dec2015,30,1,0,0,1
1,52,98,53,5,1,3,5,02dec2015,29,0,0,0,1
1,0,0,0,0,1,6,4,02dec2015,60,0,0,0,0
1,62,,57,56,1,5,2,02dec2015,27,1,0,0,1
1,65,60,86,82,1,3,5,02dec2015,30,1,0,0,1
2,50,88,63,99,0,4,7,02dec2015,38,1,0,0,1
2,55,63,68,72,1,3,2,02dec2015,30,1,0,0,1
2,93,100,84,70,1,5,5,02dec2015,26,0,1,0,1
2,100,100,100,100,1,2,4,02dec2015,22,0,0,0,1
2,27,38,100,100,1,5,7,02dec2015,29,0,0,0,0
2,21,44,100,100,0,2,7,03dec2015,35,0,1,0,0
2,40,80,75,95,0,5,2,03dec2015,31,1,0,0,0
2,,100,40,40,0,3,4,03dec2015,34,0,0,0,0
2,75,77,40,60,1,2,4,03dec2015,43,0,0,0,1
2,7,40,86,89,1,4,2,03dec2015,42,0,0,0,1
2,10,68,100,100,1,6,1,03dec2015,45,1,0,0,0
2,37,40,56,70,1,3,3,03dec2015,21,0,0,0,0
2,,48,100,100,1,3,5,03dec2015,22,0,0,0,1
2,,60,90,100,1,3,3,03dec2015,22,1,0,0,0
2,37,,55,56,1,3,1,03dec2015,47,1,0,0,1
2,52,60,54,62,1,6,3,03dec2015,55,1,0,0,1
2,70,0,50,40,1,3,2,03dec2015,32,1,0,0,1
2,35,51,70,80,1,3,1,03dec2015,36,0,0,0,1
2,88,99,96,94,1,3,1,03dec2015,22,0,0,0,0
2,100,100,98,99,1,2,6,03dec2015,23,1,0,0,0
2,100,100,11,16,1,5,5,03dec2015,24,1,0,0,1
2,50,100,80,75,0,5,3,03dec2015,25,0,0,0,1
2,30,55,60,90,1,3,3,03dec2015,34,0,0,0,1
2,59,79,73,30,1,5,4,03dec2015,26,0,0,0,1
2,30,50,60,75,1,5,3,03dec2015,36,1,0,0,1
2,90,88,73,44,1,5,4,03dec2015,34,0,0,0,0
2,74,97,84,87,1,3,7,04dec2015,29,0,0,0,1
2,60,65,85,90,1,3,3,04dec2015,36,1,0,0,1
2,43,50,88,50,1,3,2,04dec2015,41,1,0,0,1
2,12,47,91,95,1,5,7,04dec2015,49,1,0,0,1
2,,,,100,0,6,6,04dec2015,28,0,0,0,1
2,50,50,50,80,1,5,7,04dec2015,26,0,1,0,1
2,15,49,95,97,1,2,5,04dec2015,38,1,0,0,1
2,,,,,1,5,5,04dec2015,23,0,0,0,1
2,64,,71,91,1,5,5,04dec2015,57,0,0,0,1
2,100,100,100,80,0,5,5,04dec2015,31,0,0,0,1
2,75,50,90,100,1,5,6,04dec2015,30,1,0,0,1
2,28,24,64,61,1,5,4,04dec2015,44,0,0,0,1
2,81,66,100,100,1,3,5,04dec2015,24,0,0,0,1
2,50,99,100,100,1,5,6,04dec2015,62,1,1,0,1
2,,,72,69,0,3,5,04dec2015,27,1,0,0,0
2,80,90,90,100,1,3,1,04dec2015,31,0,1,0,1
2,0,50,85,85,1,2,2,04dec2015,50,1,0,0,0
2,,,75,75,1,5,7,04dec2015,27,0,0,0,1
2,52,91,61,43,1,3,6,04dec2015,41,1,0,0,0
2,55,50,50,50,1,2,4,04dec2015,45,0,0,0,1
2,65,81,91,95,0,3,5,04dec2015,27,0,1,0,0
2,,79,100,100,1,6,4,04dec2015,64,1,0,0,0
2,90,95,97,93,1,5,5,04dec2015,30,1,0,0,1
2,100,100,16,35,1,5,4,04dec2015,24,0,0,0,1
2,90,100,70,75,0,3,7,04dec2015,19,0,0,0,1
2,90,90,70,80,1,5,3,04dec2015,43,1,0,0,0
2,85,90,65,90,1,5,5,04dec2015,25,0,0,0,0
2,50,50,86,100,0,4,2,04dec2015,47,1,1,0,1
2,17,36,100,100,1,3,1,04dec2015,39,0,0,0,1
2,80,100,85,100,1,6,7,05dec2015,59,0,1,0,1
2,46,60,59,71,0,3,5,05dec2015,21,1,1,0,1
2,,87,84,91,1,3,3,05dec2015,31,1,0,0,1
2,75,50,75,75,1,2,,05dec2015,71,0,1,0,1
2,82,91,84,60,1,5,7,05dec2015,23,0,0,0,0
2,25,50,83,89,1,3,7,05dec2015,23,1,1,0,1
2,100,100,100,100,0,5,7,05dec2015,53,1,0,0,1
2,90,96,100,100,0,3,6,05dec2015,27,0,0,0,1
2,47,59,93,78,1,5,1,05dec2015,34,1,0,0,1
2,93,92,35,75,1,6,5,05dec2015,29,0,0,0,0
2,98,100,85,90,0,5,5,05dec2015,22,1,0,0,1
2,80,70,90,60,0,5,6,05dec2015,29,0,0,0,1
2,80,,100,100,0,5,6,05dec2015,30,1,0,0,0
2,26,89,70,83,1,3,3,05dec2015,22,1,0,0,0
2,,50,80,99,0,4,6,05dec2015,21,0,0,0,1
2,41,50,100,100,1,4,4,05dec2015,27,0,1,0,1
2,,50,58,54,0,3,6,06dec2015,23,1,0,0,0
2,20,45,100,100,1,3,3,06dec2015,26,0,0,0,0
2,58,94,100,99,1,5,6,06dec2015,54,0,0,0,0
2,0,0,72,25,1,3,1,06dec2015,33,1,0,0,0
2,48,50,75,67,0,5,3,06dec2015,40,1,0,0,1
2,65,95,75,85,1,3,3,06dec2015,33,0,1,0,0
2,31,33,90,90,1,5,6,06dec2015,31,0,0,0,1
2,,75,100,95,1,2,4,06dec2015,20,0,0,0,1
2,50,82,27,60,1,6,4,06dec2015,29,0,0,0,1
2,83,92,10,70,0,4,7,06dec2015,23,0,0,0,0
2,,100,80,90,1,3,7,06dec2015,39,1,0,0,1
2,50,65,50,50,1,5,6,06dec2015,60,1,0,0,1
2,78,83,74,70,1,4,2,06dec2015,24,1,0,0,1
2,4,11,100,93,1,4,2,06dec2015,52,1,0,0,1
2,40,53,90,95,1,5,6,06dec2015,26,0,0,0,1
2,50,59,92,92,1,3,4,06dec2015,53,1,0,0,1
2,50,82,86,86,0,6,7,06dec2015,37,0,1,0,0
2,60,100,100,100,0,5,7,06dec2015,50,1,0,0,0
2,51,50,,89,1,5,4,06dec2015,25,0,0,0,1
2,75,95,35,90,0,2,5,06dec2015,40,0,0,0,1
2,90,100,77,94,1,5,4,06dec2015,30,1,0,0,0
2,,50,,92,0,4,5,06dec2015,22,1,0,0,1
2,50,60,80,72,1,3,5,06dec2015,22,0,0,0,1
2,16,25,93,91,1,5,4,06dec2015,41,0,0,0,1
2,0,81,100,100,1,4,7,06dec2015,51,0,0,0,1
2,50,75,96,99,1,3,2,06dec2015,26,1,0,0,1
2,,,90,90,1,5,6,06dec2015,50,0,0,0,1
2,,79,94,99,1,6,5,06dec2015,59,0,1,0,0
2,23,50,62,100,1,5,4,06dec2015,46,0,0,0,0
2,71,80,80,100,0,6,5,06dec2015,33,1,0,0,1
2,25,60,100,78,1,6,3,06dec2015,36,1,0,0,0
2,35,65,100,88,1,3,4,06dec2015,52,1,0,0,1
2,,,93,87,1,2,7,06dec2015,41,0,0,0,1
2,89,93,15,50,0,5,4,06dec2015,40,1,1,0,1
2,,,,,1,3,4,06dec2015,27,0,0,0,0
2,38,60,50,75,1,5,6,06dec2015,28,1,0,0,1
2,16,21,30,35,1,3,4,06dec2015,36,0,0,0,1
2,87,92,91,12,1,5,5,06dec2015,29,0,0,0,1
2,60,70,100,100,1,3,5,06dec2015,41,1,0,0,1
2,49,82,89,88,1,3,7,06dec2015,34,0,0,0,0
2,75,50,88,86,0,6,6,06dec2015,35,0,0,0,1
2,95,100,80,70,0,5,5,06dec2015,30,0,0,0,1
2,,84,47,100,1,3,5,06dec2015,24,0,0,0,1
2,,30,74,72,1,5,5,06dec2015,28,1,0,0,1
2,29,85,99,99,1,6,6,06dec2015,39,1,0,0,1
2,75,50,22,60,1,2,3,06dec2015,30,0,0,0,1
2,14,33,57,58,1,2,1,06dec2015,32,1,0,0,1
2,75,97,100,100,1,4,5,06dec2015,24,0,0,0,1
2,45,45,90,80,1,5,2,06dec2015,32,1,0,0,1
2,70,85,70,85,1,3,4,06dec2015,60,1,1,0,0
2,50,50,75,75,1,2,4,06dec2015,31,0,0,0,0
2,45,37,100,100,1,3,3,06dec2015,21,1,0,0,1
2,,,81,,0,5,6,06dec2015,29,1,0,0,1
2,,20,70,70,1,3,5,06dec2015,34,1,0,0,0
2,14,65,31,78,1,3,1,06dec2015,26,0,0,0,0
2,67,81,68,100,1,3,5,06dec2015,24,1,0,0,1
2,36,100,100,100,1,5,7,06dec2015,22,0,0,0,1
2,15,65,83,80,1,5,6,06dec2015,63,1,0,0,0
2,75,85,80,80,1,5,4,06dec2015,33,0,0,0,0
2,76,47,77,97,1,5,3,06dec2015,42,1,0,0,0
2,66,85,100,100,1,6,3,06dec2015,47,1,0,0,1
2,95,99,33,75,0,3,3,06dec2015,23,0,0,0,1
2,100,100,87,96,1,3,5,06dec2015,20,0,0,0,1
2,30,80,80,83,1,5,4,06dec2015,35,1,0,0,0
2,40,45,70,60,1,3,4,06dec2015,26,0,0,0,1
2,81,,35,65,1,3,5,06dec2015,27,1,1,0,0
2,90,90,5,20,0,3,6,06dec2015,24,0,0,0,0
2,25,25,80,80,1,5,1,06dec2015,48,1,0,0,0
2,65,95,75,80,1,3,3,06dec2015,21,1,0,0,1
2,64,66,66,75,0,5,5,06dec2015,29,1,0,0,0
2,50,50,100,100,1,3,4,07dec2015,31,0,1,0,0
2,75,100,55,40,1,5,2,07dec2015,25,1,0,0,0
2,50,50,72,67,1,3,4,07dec2015,51,0,0,0,1
2,33,65,78,92,1,3,6,07dec2015,21,0,0,0,1
2,50,50,50,50,1,2,4,07dec2015,342,0,0,0,1
2,100,100,38,63,1,5,4,07dec2015,45,0,0,1,0
2,50,50,100,100,0,2,4,07dec2015,42,1,0,0,0
2,,,100,100,1,3,4,07dec2015,36,0,0,0,1
2,50,50,50,50,1,5,4,07dec2015,26,0,1,0,0
2,80,80,80,80,1,6,7,07dec2015,50,0,0,0,1
2,21,22,82,83,1,6,4,07dec2015,65,0,0,0,1
2,85,77,79,72,0,3,3,07dec2015,25,1,1,0,1
2,100,100,24,64,1,1,4,07dec2015,22,0,0,0,1
2,25,35,90,90,1,3,3,07dec2015,66,1,0,0,0
2,69,,80,73,,3,6,07dec2015,28,1,0,0,0
2,49,45,90,95,0,2,3,07dec2015,51,1,0,0,0
2,,,,,,,,07dec2015,,0,1,0,
2,47,100,63,56,1,5,6,07dec2015,33,1,0,0,1
2,70,85,95,65,1,6,6,07dec2015,36,1,0,0,1
2,73,,74,100,1,5,7,07dec2015,24,0,0,0,1
2,74,80,75,75,1,3,3,07dec2015,27,0,0,0,0
2,50,100,100,95,1,5,7,07dec2015,29,0,0,0,0
2,50,100,50,50,1,6,7,07dec2015,31,0,0,0,1
2,37,50,84,86,1,5,6,07dec2015,23,0,0,0,0
2,50,50,52,45,0,5,6,07dec2015,37,0,0,0,1
2,77,89,88,95,1,6,7,07dec2015,28,0,0,0,0
2,55,90,100,100,1,5,5,07dec2015,25,0,0,0,0
2,100,100,100,100,1,3,4,07dec2015,54,1,1,0,1
2,6,43,99,98,1,5,3,07dec2015,30,0,0,0,1
2,61,63,0,0,1,6,4,07dec2015,28,1,0,0,0
2,100,100,,74,1,5,5,07dec2015,25,0,0,0,1
2,50,63,100,100,0,5,6,07dec2015,54,1,0,0,0
2,33,85,40,60,1,6,7,07dec2015,60,1,0,0,1
2,,,60,75,1,5,2,07dec2015,55,1,0,0,1
2,68,63,86,87,1,3,3,07dec2015,20,0,0,0,1
2,93,97,66,100,1,6,4,07dec2015,28,0,0,0,1
2,70,71,72,74,0,5,6,07dec2015,24,0,0,0,1
2,79,100,68,84,0,5,2,07dec2015,22,1,0,0,1
2,92,96,50,50,0,3,2,07dec2015,30,1,0,0,0
2,75,,29,,1,3,3,07dec2015,41,1,0,0,1
2,,90,72,77,1,3,5,07dec2015,21,0,0,0,1
2,20,51,100,78,1,3,4,07dec2015,31,1,0,0,1
2,55,60,60,65,0,5,4,07dec2015,35,1,0,0,0
2,50,54,62,62,1,3,5,07dec2015,26,0,0,0,0
2,50,50,100,94,1,4,4,08dec2015,26,0,1,0,1
2,40,62,67,42,1,5,6,08dec2015,24,1,0,0,1
2,100,100,60,97,1,3,4,08dec2015,27,1,0,0,0
2,81,75,73,90,1,6,5,08dec2015,,0,1,1,0
2,51,61,24,78,1,6,4,08dec2015,34,0,0,0,0
2,25,22,100,100,0,2,3,08dec2015,68,1,0,0,1
2,70,63,58,93,1,5,7,08dec2015,55,0,0,0,1
2,0,30,90,90,1,2,4,08dec2015,28,1,0,0,0
2,50,68,89,92,1,4,4,08dec2015,43,1,0,0,1
2,100,72,53,55,0,5,4,08dec2015,,0,0,1,0
2,73,67,67,85,1,3,5,08dec2015,27,1,0,0,0
2,70,50,100,100,0,3,4,08dec2015,26,0,1,0,1
2,100,100,100,60,1,3,5,08dec2015,21,0,0,0,1
2,90,100,13,99,1,4,2,08dec2015,28,1,0,0,1
2,20,40,100,100,1,6,5,08dec2015,37,0,0,0,0
2,,80,65,65,1,5,4,08dec2015,42,0,0,0,1
2,60,58,86,86,1,4,6,08dec2015,30,0,0,0,1
2,61,16,69,68,1,4,5,08dec2015,23,1,0,0,0
2,51,80,0,0,0,3,6,08dec2015,26,1,0,0,1
2,89,100,25,91,1,3,2,08dec2015,26,0,0,0,1
2,77,68,66,66,1,5,4,08dec2015,28,1,0,0,1
2,100,100,60,74,0,2,1,08dec2015,38,1,1,0,0
2,75,95,79,86,1,5,5,08dec2015,28,1,0,0,1
2,,,77,95,1,4,7,08dec2015,49,1,0,0,1
2,90,94,95,95,1,3,6,08dec2015,48,0,0,0,1
2,62,100,90,91,1,3,5,08dec2015,33,0,0,0,1
2,,,75,74,1,6,7,08dec2015,27,0,0,0,1
2,15,10,100,100,1,3,2,08dec2015,42,1,0,0,1
2,37,50,85,92,1,5,5,08dec2015,28,0,0,0,1
2,69,58,94,99,1,6,4,08dec2015,54,0,0,0,0
2,20,0,100,100,1,4,1,08dec2015,52,1,1,0,1
2,80,67,85,30,1,5,7,08dec2015,26,0,0,0,0
2,,100,,60,1,5,6,08dec2015,36,0,1,0,1
2,85,91,88,91,0,5,6,09dec2015,23,1,0,0,1
2,,50,90,90,1,3,2,09dec2015,32,0,0,0,0
2,90,80,91,92,0,4,5,09dec2015,26,0,1,0,1
2,13,84,100,100,1,3,5,09dec2015,28,0,0,0,1
2,50,76,68,69,1,5,1,09dec2015,33,1,0,0,0
2,,88,84,93,1,3,7,09dec2015,46,0,0,0,1
2,63,,94,97,1,4,6,09dec2015,46,1,0,0,1
2,38,52,10,9,1,6,1,09dec2015,27,1,0,0,0
2,52,51,51,58,1,3,4,09dec2015,35,0,0,0,1
2,48,6,100,100,1,3,5,09dec2015,44,1,0,0,1
2,52,100,57,96,1,3,3,09dec2015,19,1,0,0,1
2,0,0,,100,1,6,2,09dec2015,47,1,0,0,0
2,90,100,79,84,0,4,6,09dec2015,23,1,0,0,1
2,100,100,100,100,1,3,4,09dec2015,23,1,0,0,1
2,,,75,95,1,4,4,09dec2015,31,1,0,0,1
2,91,100,80,100,0,4,5,09dec2015,29,1,0,0,0
2,,100,100,100,1,4,5,09dec2015,39,0,1,0,0
2,100,100,100,100,1,5,6,09dec2015,24,1,1,0,1
2,79,100,29,,1,5,5,09dec2015,34,0,1,0,1
2,75,100,85,80,1,5,2,09dec2015,46,1,0,0,0
2,25,44,95,100,0,5,7,09dec2015,52,1,0,0,1
2,50,,63,61,1,4,1,09dec2015,35,1,0,0,1
2,,70,70,70,1,5,3,09dec2015,30,1,0,0,0
2,22,40,91,78,1,2,4,09dec2015,20,1,0,0,1
2,88,100,90,100,0,5,6,09dec2015,37,0,0,0,1
2,69,100,64,79,1,4,7,09dec2015,39,0,0,0,0
2,91,96,62,56,0,5,3,10dec2015,33,0,1,0,1
2,,,90,100,1,5,4,10dec2015,29,1,0,0,0
2,,,100,90,1,6,7,10dec2015,45,0,0,0,1
2,50,90,75,75,1,3,4,10dec2015,33,0,0,0,0
2,85,100,84,53,0,3,4,10dec2015,26,1,0,0,0
2,51,80,85,95,1,5,5,10dec2015,21,0,0,0,1
2,,60,80,80,0,3,6,10dec2015,54,1,0,0,1
2,22,26,50,50,0,5,7,10dec2015,40,0,0,0,1
2,3,,100,100,1,5,3,10dec2015,53,0,1,0,0
2,61,39,,,1,3,5,10dec2015,20,1,0,0,1
2,0,20,100,80,1,3,6,10dec2015,56,1,0,0,0
2,53,70,55,55,0,3,6,10dec2015,22,1,0,0,1
2,59,68,100,98,1,6,4,10dec2015,33,1,0,0,1
2,50,83,100,100,1,3,4,10dec2015,30,0,0,0,1
2,1,20,9,12,1,1,4,10dec2015,19,0,0,0,1
2,90,50,100,100,1,4,5,10dec2015,34,0,0,0,0
2,50,50,93,96,1,4,7,11dec2015,64,0,0,0,1
2,45,50,70,100,1,4,2,11dec2015,44,1,0,0,1
2,50,83,35,60,0,5,5,11dec2015,34,1,0,0,0
2,49,50,55,65,1,6,1,11dec2015,52,0,0,0,0
2,86,,76,87,0,5,5,11dec2015,68,0,0,0,1
2,80,90,82,86,1,5,6,11dec2015,23,0,0,0,1
2,66,55,100,100,1,5,5,11dec2015,26,1,1,0,1
2,82,89,100,100,1,5,6,11dec2015,29,0,0,0,1
2,,60,85,85,1,6,3,11dec2015,73,1,0,0,1
2,50,50,37,55,1,3,6,11dec2015,31,0,0,0,1
2,50,85,64,64,1,6,6,11dec2015,53,0,1,0,0
2,,,60,80,1,5,2,11dec2015,24,1,0,0,1
2,92,82,99,99,0,3,6,11dec2015,34,0,0,0,1
2,100,100,0,0,1,5,7,11dec2015,25,0,0,0,1
2,97,100,70,68,1,6,7,11dec2015,27,1,0,0,1
2,50,62,100,100,1,3,4,11dec2015,55,0,0,0,1
2,97,100,,,1,3,6,11dec2015,20,0,1,0,1
2,0,37,95,100,1,4,2,11dec2015,28,0,0,0,0
2,47,80,100,100,0,5,5,11dec2015,27,1,0,0,1
2,85,90,100,100,1,5,7,12dec2015,30,0,0,0,1
2,46,55,60,77,0,3,6,12dec2015,28,0,0,0,1
2,30,,85,100,1,5,3,12dec2015,49,1,0,0,1
2,50,86,88,83,1,6,3,12dec2015,26,1,0,0,1
2,50,50,100,100,1,3,1,12dec2015,25,1,0,0,1
2,50,50,80,80,1,6,2,12dec2015,32,1,0,0,1
2,70,70,80,90,1,6,3,12dec2015,39,1,0,0,1
2,79,80,55,55,1,4,7,12dec2015,36,0,1,0,1
2,95,100,97,98,0,3,7,12dec2015,34,1,0,0,1
2,100,88,73,78,1,3,5,12dec2015,32,0,1,0,1
2,51,87,45,56,1,5,5,12dec2015,26,0,1,0,0
2,90,92,100,100,0,3,6,12dec2015,22,1,1,0,1
2,85,100,0,0,1,3,5,12dec2015,28,0,0,0,1
2,18,34,65,59,0,5,6,12dec2015,48,0,1,0,0
2,0,0,50,50,1,4,4,12dec2015,24,0,0,0,1
2,36,18,92,93,1,5,1,12dec2015,57,1,0,0,0
2,35,50,81,72,1,5,3,12dec2015,33,1,0,0,0
2,90,98,33,65,1,3,4,12dec2015,37,1,0,0,1
2,25,16,75,75,1,5,4,12dec2015,,0,0,0,1
2,70,85,75,85,1,5,6,12dec2015,39,1,0,0,1
2,90,95,40,75,1,5,7,12dec2015,21,0,0,0,0
2,50,100,100,100,1,5,7,12dec2015,24,0,1,0,0
2,100,100,100,100,1,3,4,12dec2015,20,0,0,1,0
2,30,50,20,100,1,2,4,12dec2015,32,1,0,0,1
2,,,80,88,1,3,2,12dec2015,27,0,0,0,1
2,70,75,25,60,0,5,5,12dec2015,33,0,0,0,0
2,26,50,95,97,1,3,1,12dec2015,45,1,0,0,0
2,10,50,90,85,1,1,7,12dec2015,30,0,0,0,1
2,30,49,89,87,1,4,4,12dec2015,31,0,0,0,0
2,61,87,93,97,0,5,6,12dec2015,26,1,1,0,0
2,57,73,86,86,1,5,1,12dec2015,51,1,1,0,1
2,40,60,73,74,1,6,2,12dec2015,27,1,1,0,1
2,40,52,52,46,1,5,4,12dec2015,53,0,0,0,0
2,47,54,,48,1,5,4,12dec2015,32,0,0,0,0
2,100,100,60,100,1,2,7,12dec2015,20,0,1,0,0
2,100,100,100,100,1,3,7,12dec2015,21,0,0,0,0
2,34,,99,99,0,5,3,12dec2015,58,0,1,0,1
2,80,90,0,0,1,3,5,12dec2015,42,0,0,0,0
2,,,100,100,1,5,3,12dec2015,23,1,0,0,0
2,21,64,73,62,1,3,1,12dec2015,47,1,0,0,1
2,87,85,100,38,1,5,7,12dec2015,27,0,0,0,1
2,55,100,25,45,1,3,5,12dec2015,19,0,0,0,0
2,99,71,99,72,1,6,5,12dec2015,30,1,0,0,0
2,50,50,13,0,0,4,7,12dec2015,52,1,0,0,1
2,46,88,98,100,0,4,5,12dec2015,26,0,0,0,1
2,50,60,100,100,0,3,3,12dec2015,37,1,0,0,1
2,89,100,15,20,1,4,4,12dec2015,25,0,0,0,0
2,0,50,100,100,1,3,2,12dec2015,58,1,0,0,1
2,0,0,100,50,1,2,1,12dec2015,38,1,0,0,1
2,73,80,70,100,1,3,5,12dec2015,36,0,0,0,1
2,76,75,91,100,1,6,3,12dec2015,43,1,0,0,1
2,85,100,15,15,0,5,5,12dec2015,22,0,0,0,0
2,60,70,55,65,1,5,7,12dec2015,30,0,0,0,0
2,79,75,59,56,1,5,2,12dec2015,50,0,0,0,1
2,91,96,59,93,1,6,7,12dec2015,31,1,0,0,0
2,98,99,67,69,1,5,5,12dec2015,30,0,0,0,1
2,50,60,5,15,1,3,5,12dec2015,25,0,1,0,0
2,95,93,61,98,1,5,7,12dec2015,30,1,0,0,1
2,98,100,75,31,1,4,4,12dec2015,22,0,0,0,1
2,50,50,60,60,1,5,7,12dec2015,21,0,0,0,1
2,,,65,74,1,4,5,12dec2015,32,0,0,0,1
2,100,,75,75,1,5,7,12dec2015,36,1,1,0,0
2,,69,97,50,0,5,6,12dec2015,31,1,0,0,0
2,53,99,97,96,1,5,4,12dec2015,27,1,0,0,1
2,25,25,100,100,1,4,4,12dec2015,36,0,1,0,0
2,58,59,61,66,1,6,7,12dec2015,53,0,1,0,1
2,100,100,73,98,0,3,5,12dec2015,19,1,0,0,0
2,85,85,80,80,0,3,7,12dec2015,29,1,0,0,1
2,100,100,100,100,1,5,4,12dec2015,20,0,1,0,1
2,65,,50,,0,5,5,13dec2015,23,0,1,0,0
2,100,78,0,84,1,4,4,13dec2015,22,0,0,0,0
2,61,51,51,82,1,2,3,13dec2015,51,1,0,0,0
2,66,100,100,100,1,2,5,13dec2015,40,0,0,0,0
2,74,75,11,15,0,3,6,13dec2015,47,1,1,0,0
2,98,100,70,70,1,6,7,13dec2015,30,1,0,0,1
2,69,100,100,100,1,6,5,13dec2015,33,0,0,0,1
2,94,89,94,100,1,5,4,13dec2015,39,1,0,0,1
2,50,,60,60,0,5,7,13dec2015,40,0,0,0,1
2,30,45,95,95,1,6,2,13dec2015,51,1,1,0,0
2,50,75,100,100,1,4,4,13dec2015,32,0,0,0,1
2,80,100,100,100,1,6,7,13dec2015,30,1,0,0,0
2,78,84,23,21,0,5,4,13dec2015,51,0,0,0,1
2,50,40,68,86,1,5,4,13dec2015,22,1,0,0,1
2,29,66,79,84,1,5,2,13dec2015,33,1,0,0,0
2,19,19,81,83,1,4,3,13dec2015,45,0,0,0,1
2,84,81,81,100,1,3,3,13dec2015,25,0,0,0,1
2,88,87,67,82,1,5,6,13dec2015,26,0,0,0,1
2,,72,25,100,0,5,7,13dec2015,32,0,1,0,1
2,85,50,100,100,1,3,7,13dec2015,41,1,0,0,1
2,7,12,57,96,1,6,4,13dec2015,62,1,0,0,0
2,85,95,100,100,1,6,4,13dec2015,64,1,0,0,0
2,67,65,79,72,0,3,5,13dec2015,20,0,0,0,0
2,90,100,28,85,0,5,5,13dec2015,26,0,1,0,1
2,100,100,72,73,1,5,4,13dec2015,33,0,0,0,1
2,10,50,100,100,1,3,3,13dec2015,51,1,0,0,1
2,99,99,0,0,1,5,7,13dec2015,23,0,1,0,0
2,,61,87,99,1,6,5,13dec2015,55,0,1,0,0
2,60,,90,90,1,6,7,13dec2015,34,0,0,0,1
2,90,91,49,67,1,4,7,13dec2015,34,0,1,0,1
2,65,28,88,95,1,4,5,13dec2015,39,1,0,0,1
2,100,96,5,70,0,4,4,13dec2015,35,0,0,0,1
2,5,19,90,97,0,3,6,13dec2015,25,0,0,0,0
2,79,70,100,100,1,5,6,13dec2015,26,0,0,0,1
2,76,86,80,80,1,2,5,13dec2015,29,0,0,0,0
2,95,99,80,94,1,6,7,13dec2015,29,0,0,0,0
2,72,71,66,78,1,2,1,13dec2015,31,0,0,1,0
2,6,74,87,92,1,5,6,13dec2015,38,1,0,0,1
2,70,94,63,68,1,6,4,13dec2015,61,1,0,0,1
2,40,35,50,50,1,2,4,13dec2015,41,1,0,0,0
2,91,100,56,65,0,5,7,13dec2015,44,0,0,0,1
2,55,100,56,80,1,2,6,13dec2015,37,1,0,0,0
2,70,80,95,95,1,3,7,13dec2015,69,1,0,0,1
2,85,90,75,85,1,3,3,13dec2015,19,0,0,0,0
2,60,80,0,15,1,5,3,13dec2015,30,1,0,0,0
2,1,40,70,100,1,3,1,13dec2015,27,1,0,0,1
2,,70,65,90,1,5,4,13dec2015,23,1,0,0,1
2,41,55,74,81,1,5,5,13dec2015,33,0,1,0,0
2,48,51,88,95,1,2,1,13dec2015,49,1,0,0,1
2,20,80,30,100,1,5,2,13dec2015,47,1,0,0,0
2,85,86,75,80,1,6,7,13dec2015,31,1,1,0,0
2,76,83,98,67,1,6,4,13dec2015,55,0,0,0,0
2,,,11,12,1,6,3,13dec2015,41,1,0,0,0
2,97,98,78,74,1,2,5,13dec2015,21,0,0,0,1
2,100,100,24,24,1,3,7,13dec2015,47,0,0,0,0
2,100,100,0,0,1,3,4,13dec2015,20,1,1,0,0
2,85,81,90,90,1,6,2,13dec2015,28,1,0,0,0
2,87,94,45,78,0,3,4,13dec2015,25,0,0,0,1
2,100,100,100,100,1,2,5,14dec2015,30,0,0,0,0
2,31,50,100,100,1,5,3,14dec2015,29,1,0,0,0
2,64,78,71,73,1,5,3,14dec2015,30,1,0,0,0
2,25,75,90,70,1,3,6,14dec2015,35,1,0,0,0
2,74,100,75,75,0,6,6,14dec2015,28,1,0,0,1
2,61,90,91,100,1,3,7,14dec2015,25,0,0,0,0
2,80,,100,85,1,3,7,14dec2015,31,0,0,0,1
2,50,89,94,93,1,6,1,14dec2015,30,1,0,0,1
2,60,90,71,72,1,5,1,14dec2015,23,1,0,0,0
2,100,100,100,100,0,2,4,14dec2015,24,0,0,0,0
2,47,53,80,80,1,3,2,14dec2015,39,0,1,0,1
2,0,25,91,92,1,3,2,14dec2015,44,0,0,0,1
2,,62,55,72,1,5,7,14dec2015,27,0,0,0,1
2,59,75,70,100,1,3,4,14dec2015,28,0,0,0,1
2,70,95,40,60,1,4,7,14dec2015,26,0,0,0,1
2,75,70,100,100,1,3,5,14dec2015,21,0,0,0,1
2,81,52,40,76,1,5,3,14dec2015,22,1,0,0,1
2,60,70,52,65,1,6,5,14dec2015,36,0,0,0,0
2,75,,100,75,1,6,5,14dec2015,28,0,1,0,1
2,86,98,90,87,1,5,4,14dec2015,39,0,0,0,0
2,45,,76,79,1,3,4,14dec2015,32,1,0,0,0
2,60,30,100,100,1,2,3,14dec2015,30,0,1,0,0
2,50,80,90,90,1,3,3,14dec2015,56,1,1,0,1
2,50,55,20,70,0,5,3,14dec2015,24,1,1,0,0
2,64,30,43,59,1,5,3,14dec2015,27,1,1,0,0
2,75,100,100,100,1,3,5,14dec2015,41,1,0,0,1
2,,,66,67,1,3,5,14dec2015,38,1,0,0,1
2,,60,10,15,1,2,4,14dec2015,47,0,1,0,0
2,,85,94,89,1,5,6,14dec2015,24,1,0,0,1
2,64,92,61,98,1,2,5,14dec2015,21,0,0,0,0
2,75,,,76,1,6,5,14dec2015,24,1,0,0,1
2,76,77,59,81,1,3,7,14dec2015,47,0,0,0,0
2,83,83,5,7,0,3,7,14dec2015,21,1,0,0,1
2,4,20,27,75,1,5,4,14dec2015,22,0,0,0,0
2,50,69,74,91,1,3,3,14dec2015,29,0,0,0,0
2,46,50,67,81,1,4,6,14dec2015,37,1,0,0,1
2,52,50,72,73,1,5,2,14dec2015,35,1,0,0,1
2,50,60,100,100,1,4,4,14dec2015,24,0,0,0,0
2,70,85,93,100,1,3,5,14dec2015,19,0,0,0,1
2,50,52,32,29,1,5,4,14dec2015,45,0,0,0,0
2,50,50,64,64,0,5,5,14dec2015,49,1,0,0,1
2,100,100,57,81,1,5,7,14dec2015,,0,0,0,0
2,70,85,40,60,0,6,5,14dec2015,56,0,1,0,1
2,100,100,100,100,1,3,5,14dec2015,23,0,0,0,0
2,100,100,48,,1,3,4,14dec2015,37,0,1,0,1
2,35,60,45,55,1,6,6,14dec2015,27,0,1,0,0
2,33,26,79,78,1,3,3,14dec2015,34,1,0,0,0
2,75,100,100,100,1,3,5,14dec2015,31,0,0,0,1
2,0,28,100,100,1,5,3,14dec2015,63,1,0,0,1
2,52,75,43,87,1,5,3,14dec2015,30,0,0,0,1
2,62,80,99,65,0,1,4,14dec2015,29,0,0,0,0
2,75,70,70,87,1,5,5,14dec2015,28,0,0,0,1
2,50,50,65,65,1,4,4,14dec2015,39,0,0,0,1
2,67,61,61,65,1,6,5,14dec2015,30,0,0,0,0
2,40,60,65,75,1,5,2,14dec2015,40,1,0,0,0
2,,75,70,86,1,6,2,14dec2015,29,1,0,0,1
2,,100,100,100,0,5,7,14dec2015,37,1,0,0,1
2,49,55,22,83,1,3,2,14dec2015,23,1,1,0,0
2,60,70,15,70,1,5,6,14dec2015,33,0,0,0,0
2,,100,57,66,0,2,4,14dec2015,20,0,1,0,0
2,,,64,65,1,5,4,14dec2015,42,1,0,0,1
2,50,95,70,100,0,3,6,14dec2015,32,1,0,0,1
2,,,0,,1,3,5,14dec2015,32,0,1,0,1
2,75,18,99,,0,1,2,15dec2015,40,1,1,0,0
2,,,85,80,1,4,2,15dec2015,40,0,0,0,1
2,100,100,50,70,1,6,7,15dec2015,51,1,0,0,1
2,80,80,100,100,0,3,5,15dec2015,58,1,1,0,0
2,38,52,97,95,1,4,2,15dec2015,37,1,0,0,1
2,,87,10,10,1,6,3,15dec2015,48,1,0,0,0
2,81,75,15,15,1,3,3,15dec2015,20,0,0,0,0
2,45,70,57,70,1,4,3,15dec2015,42,1,0,0,0
2,75,76,100,100,1,5,2,15dec2015,33,1,0,0,0
2,,76,100,98,1,3,4,15dec2015,46,0,0,0,1
2,80,71,31,20,0,3,4,15dec2015,26,0,0,0,0
2,29,65,81,91,1,5,3,15dec2015,24,0,0,0,0
2,64,73,89,87,1,3,2,15dec2015,25,1,0,0,1
2,0,0,100,100,0,5,4,15dec2015,37,0,0,0,1
2,96,98,33,65,0,6,6,15dec2015,26,1,0,0,1
2,51,60,72,43,1,3,3,15dec2015,48,1,0,0,1
2,59,88,90,94,1,3,7,15dec2015,23,0,0,0,0
2,51,73,63,63,1,3,5,15dec2015,19,0,0,0,1
2,,72,25,80,1,3,1,15dec2015,20,1,0,0,1
2,40,100,90,90,0,5,1,15dec2015,31,1,0,0,1
2,54,100,43,63,1,4,3,15dec2015,40,1,0,0,1
2,50,50,60,70,1,3,5,15dec2015,27,0,1,0,0
2,88,99,88,90,0,5,7,15dec2015,37,0,1,0,0
2,65,70,85,95,1,3,6,15dec2015,60,1,0,0,1
2,61,77,95,96,0,5,5,15dec2015,36,1,0,0,1
2,47,13,60,81,1,3,6,15dec2015,21,0,0,0,1
2,50,50,100,69,0,3,4,15dec2015,19,0,0,0,1
2,55,,60,70,1,1,4,15dec2015,28,1,0,0,1
2,0,50,75,39,1,2,3,15dec2015,39,1,0,0,0
2,75,81,,59,0,6,5,15dec2015,27,1,0,0,1
2,84,100,71,100,0,5,5,15dec2015,21,0,0,0,1
2,75,50,39,55,0,5,4,15dec2015,24,1,1,0,1
2,,15,,38,1,5,1,16dec2015,25,1,0,0,0
2,68,81,96,99,1,6,6,16dec2015,28,1,0,0,0
